/*
-- Query: select * from ost_form
LIMIT 0, 300

-- Date: 2021-10-22 13:54
*/
INSERT INTO `ost_form` (`id`,`pid`,`type`,`flags`,`title`,`instructions`,`name`,`notes`,`created`,`updated`) VALUES (1,NULL,'U',1,'Información de contacto','<p>Necesarios para identificarte correctamente</p>','',NULL,'2021-08-17 09:00:23','2021-09-17 07:57:21');
INSERT INTO `ost_form` (`id`,`pid`,`type`,`flags`,`title`,`instructions`,`name`,`notes`,`created`,`updated`) VALUES (2,NULL,'T',1,'Detalles del ticket','<p><br /></p>','','&lt;p&gt;This form will be attached to every ticket, regardless of its source. You can add any fields to this form and they will be available to all tickets, and will be searchable with advanced search and filterable.&lt;/p&gt;','2021-08-17 09:00:23','2021-09-28 15:31:56');
INSERT INTO `ost_form` (`id`,`pid`,`type`,`flags`,`title`,`instructions`,`name`,`notes`,`created`,`updated`) VALUES (3,NULL,'C',1,'Company Information','Details available in email templates','',NULL,'2021-08-17 09:00:23','2021-08-17 09:00:23');
INSERT INTO `ost_form` (`id`,`pid`,`type`,`flags`,`title`,`instructions`,`name`,`notes`,`created`,`updated`) VALUES (4,NULL,'O',1,'Organization Information','Details on user organization','',NULL,'2021-08-17 09:00:23','2021-08-17 09:00:23');
INSERT INTO `ost_form` (`id`,`pid`,`type`,`flags`,`title`,`instructions`,`name`,`notes`,`created`,`updated`) VALUES (5,NULL,'A',1,'Task Details','Please Describe The Issue','','This form is used to create a task.','2021-08-17 09:00:23','2021-08-17 09:00:23');
INSERT INTO `ost_form` (`id`,`pid`,`type`,`flags`,`title`,`instructions`,`name`,`notes`,`created`,`updated`) VALUES (6,NULL,'L1',0,'Ticket Status Properties','Properties that can be set on a ticket status.','',NULL,'2021-08-17 09:00:23','2021-08-17 09:00:23');
INSERT INTO `ost_form` (`id`,`pid`,`type`,`flags`,`title`,`instructions`,`name`,`notes`,`created`,`updated`) VALUES (7,NULL,'G',1,'Identificador del estudiante',NULL,'',NULL,'2021-08-17 10:09:03','2021-08-17 10:09:03');
INSERT INTO `ost_form` (`id`,`pid`,`type`,`flags`,`title`,`instructions`,`name`,`notes`,`created`,`updated`) VALUES (8,NULL,'G',3,'Tipos de baja','<p>Selecciona el tipo de baja:</p> <p><span dir=\"auto\"><strong>Baja Temporal:</strong> Esta baja podrá ser solicitada por el estudiante que requiera detener su formación académica por motivos de salud, trabajo o problemas personales. Esta baja será aplicada a partir del siguiente módulo que se vaya a cursar, durante este periodo no está obligado a realizar actividades académicas. Al finalizar el plazo establecido deberá solicitar por escrito a la Dirección de Control Escolar su reincorporación.</span></p> <','',NULL,'2021-08-09 10:18:38','2021-08-09 10:29:53');
INSERT INTO `ost_form` (`id`,`pid`,`type`,`flags`,`title`,`instructions`,`name`,`notes`,`created`,`updated`) VALUES (9,NULL,'G',1,'Motivo baja temporal','<p><br /></p>','',NULL,'2021-08-18 11:29:05','2021-09-28 13:05:18');
INSERT INTO `ost_form` (`id`,`pid`,`type`,`flags`,`title`,`instructions`,`name`,`notes`,`created`,`updated`) VALUES (10,NULL,'G',1,'Periodo baja temporal',NULL,'',NULL,'2021-08-18 11:37:20','2021-08-18 11:37:20');
INSERT INTO `ost_form` (`id`,`pid`,`type`,`flags`,`title`,`instructions`,`name`,`notes`,`created`,`updated`) VALUES (11,NULL,'G',1,'Persona que solicita la baja',NULL,'',NULL,'2021-08-18 11:43:15','2021-08-18 11:43:15');
INSERT INTO `ost_form` (`id`,`pid`,`type`,`flags`,`title`,`instructions`,`name`,`notes`,`created`,`updated`) VALUES (12,NULL,'G',1,'Motivo baja definitiva',NULL,'',NULL,'2021-08-18 11:54:38','2021-08-18 11:54:38');
INSERT INTO `ost_form` (`id`,`pid`,`type`,`flags`,`title`,`instructions`,`name`,`notes`,`created`,`updated`) VALUES (13,NULL,'G',1,'Motivo de solicitud','<p><br /></p>','',NULL,'2021-08-18 12:18:47','2021-09-28 13:07:10');
INSERT INTO `ost_form` (`id`,`pid`,`type`,`flags`,`title`,`instructions`,`name`,`notes`,`created`,`updated`) VALUES (14,NULL,'G',1,'CURP',NULL,'',NULL,'2021-08-24 10:14:18','2021-08-24 10:14:18');
INSERT INTO `ost_form` (`id`,`pid`,`type`,`flags`,`title`,`instructions`,`name`,`notes`,`created`,`updated`) VALUES (15,NULL,'G',1,'Actualización del correo','<p style=\"color:red\"><br /></p>','',NULL,'2021-09-17 07:28:39','2021-09-28 12:32:02');
INSERT INTO `ost_form` (`id`,`pid`,`type`,`flags`,`title`,`instructions`,`name`,`notes`,`created`,`updated`) VALUES (16,NULL,'G',1,'Carta responsiva e INE',NULL,'',NULL,'2021-09-28 12:53:03','2021-09-28 12:53:03');
INSERT INTO `ost_form` (`id`,`pid`,`type`,`flags`,`title`,`instructions`,`name`,`notes`,`created`,`updated`) VALUES (17,NULL,'G',1,'Comentarios',NULL,'',NULL,'2021-09-28 12:54:28','2021-09-28 12:54:28');
INSERT INTO `ost_form` (`id`,`pid`,`type`,`flags`,`title`,`instructions`,`name`,`notes`,`created`,`updated`) VALUES (18,NULL,'G',1,'Motivos de certificado',NULL,'',NULL,'2021-09-28 15:25:35','2021-09-28 15:25:35');
INSERT INTO `ost_form` (`id`,`pid`,`type`,`flags`,`title`,`instructions`,`name`,`notes`,`created`,`updated`) VALUES (19,NULL,'G',1,'Motivos y descripcion expediente estudiantil',NULL,'',NULL,'2021-09-28 15:27:19','2021-09-28 15:27:19');
INSERT INTO `ost_form` (`id`,`pid`,`type`,`flags`,`title`,`instructions`,`name`,`notes`,`created`,`updated`) VALUES (20,NULL,'G',1,'Requiere sello',NULL,'',NULL,'2021-09-28 15:30:18','2021-09-28 15:30:18');
INSERT INTO `ost_form` (`id`,`pid`,`type`,`flags`,`title`,`instructions`,`name`,`notes`,`created`,`updated`) VALUES (21,NULL,'G',1,'Reincorporacion baja temporal',NULL,'',NULL,'2021-09-29 04:58:20','2021-09-29 04:58:20');
INSERT INTO `ost_form` (`id`,`pid`,`type`,`flags`,`title`,`instructions`,`name`,`notes`,`created`,`updated`) VALUES (22,NULL,'G',1,'Telefono',NULL,'',NULL,'2021-09-29 06:29:37','2021-09-29 06:29:37');
INSERT INTO `ost_form` (`id`,`pid`,`type`,`flags`,`title`,`instructions`,`name`,`notes`,`created`,`updated`) VALUES (23,NULL,'G',1,'Tipo de Institución',NULL,'',NULL,'2021-09-29 06:29:37','2021-09-29 06:29:37');

INSERT INTO `ost_form_field` (`id`,`form_id`,`flags`,`type`,`label`,`name`,`configuration`,`sort`,`hint`,`created`,`updated`) VALUES (1,1,489395,'text','Correo electrónico','email','{\"size\":\"15\",\"length\":\"60\",\"validator\":\"email\",\"regex\":\"\",\"validator-error\":\"Debe ingresar correo electr\\u00f3nico v\\u00e1lido\",\"placeholder\":\"\"}',2,NULL,'2021-08-17 09:00:23','2021-09-28 15:10:42');
INSERT INTO `ost_form_field` (`id`,`form_id`,`flags`,`type`,`label`,`name`,`configuration`,`sort`,`hint`,`created`,`updated`) VALUES (2,1,489395,'text','Nombre completo','name','{\"size\":40,\"length\":64}',1,NULL,'2021-08-17 09:00:23','2021-08-17 09:00:23');
INSERT INTO `ost_form_field` (`id`,`form_id`,`flags`,`type`,`label`,`name`,`configuration`,`sort`,`hint`,`created`,`updated`) VALUES (3,0,30465,'phone','Número de teléfono','phone','{\"ext\":false,\"digits\":\"7\",\"format\":\"us\"}',3,NULL,'2021-08-17 09:00:23','2021-09-28 15:03:08');
INSERT INTO `ost_form_field` (`id`,`form_id`,`flags`,`type`,`label`,`name`,`configuration`,`sort`,`hint`,`created`,`updated`) VALUES (4,1,12289,'memo','Internal Notes','notes','{\"rows\":4,\"cols\":40}',4,NULL,'2021-08-17 09:00:23','2021-08-17 09:00:23');
INSERT INTO `ost_form_field` (`id`,`form_id`,`flags`,`type`,`label`,`name`,`configuration`,`sort`,`hint`,`created`,`updated`) VALUES (20,2,489265,'text','Descripción general de la duda o inquietud','subject','{\"size\":40,\"length\":50}',1,NULL,'2021-08-17 09:00:23','2021-09-28 15:31:56');
INSERT INTO `ost_form_field` (`id`,`form_id`,`flags`,`type`,`label`,`name`,`configuration`,`sort`,`hint`,`created`,`updated`) VALUES (21,2,480547,'thread','Descripción detallada de la duda o problema','message','{\"attachments\":true,\"size\":1048576,\"mimetypes\":null,\"extensions\":\".pdf, .jpg, .jpeg, .png, .gif\",\"max\":\"\"}',2,'<p>Describe la razón por la que abres el ticket, si es necesario puedes adjuntar una captura de pantalla como información adicional</p>','2021-08-17 09:00:23','2021-09-28 15:31:56');
INSERT INTO `ost_form_field` (`id`,`form_id`,`flags`,`type`,`label`,`name`,`configuration`,`sort`,`hint`,`created`,`updated`) VALUES (22,2,274609,'priority','Prioridad','priority',NULL,3,NULL,'2021-08-17 09:00:23','2021-08-17 09:00:23');
INSERT INTO `ost_form_field` (`id`,`form_id`,`flags`,`type`,`label`,`name`,`configuration`,`sort`,`hint`,`created`,`updated`) VALUES (23,3,291249,'text','Company Name','name','{\"size\":40,\"length\":64}',1,NULL,'2021-08-17 09:00:23','2021-08-17 09:00:23');
INSERT INTO `ost_form_field` (`id`,`form_id`,`flags`,`type`,`label`,`name`,`configuration`,`sort`,`hint`,`created`,`updated`) VALUES (24,3,274705,'text','Website','website','{\"size\":40,\"length\":64}',2,NULL,'2021-08-17 09:00:23','2021-08-17 09:00:23');
INSERT INTO `ost_form_field` (`id`,`form_id`,`flags`,`type`,`label`,`name`,`configuration`,`sort`,`hint`,`created`,`updated`) VALUES (25,3,274705,'phone','Phone Number','phone','{\"ext\":false}',3,NULL,'2021-08-17 09:00:23','2021-08-17 09:00:23');
INSERT INTO `ost_form_field` (`id`,`form_id`,`flags`,`type`,`label`,`name`,`configuration`,`sort`,`hint`,`created`,`updated`) VALUES (26,3,12545,'memo','Address','address','{\"rows\":2,\"cols\":40,\"html\":false,\"length\":100}',4,NULL,'2021-08-17 09:00:23','2021-08-17 09:00:23');
INSERT INTO `ost_form_field` (`id`,`form_id`,`flags`,`type`,`label`,`name`,`configuration`,`sort`,`hint`,`created`,`updated`) VALUES (27,4,489395,'text','Name','name','{\"size\":40,\"length\":64}',1,NULL,'2021-08-17 09:00:23','2021-08-17 09:00:23');
INSERT INTO `ost_form_field` (`id`,`form_id`,`flags`,`type`,`label`,`name`,`configuration`,`sort`,`hint`,`created`,`updated`) VALUES (28,4,13057,'memo','Address','address','{\"rows\":2,\"cols\":40,\"length\":100,\"html\":false}',2,NULL,'2021-08-17 09:00:23','2021-08-17 09:00:23');
INSERT INTO `ost_form_field` (`id`,`form_id`,`flags`,`type`,`label`,`name`,`configuration`,`sort`,`hint`,`created`,`updated`) VALUES (29,4,13057,'phone','Phone','phone',NULL,3,NULL,'2021-08-17 09:00:23','2021-08-17 09:00:23');
INSERT INTO `ost_form_field` (`id`,`form_id`,`flags`,`type`,`label`,`name`,`configuration`,`sort`,`hint`,`created`,`updated`) VALUES (30,4,13057,'text','Website','website','{\"size\":40,\"length\":0}',4,NULL,'2021-08-17 09:00:23','2021-08-17 09:00:23');
INSERT INTO `ost_form_field` (`id`,`form_id`,`flags`,`type`,`label`,`name`,`configuration`,`sort`,`hint`,`created`,`updated`) VALUES (31,4,12289,'memo','Internal Notes','notes','{\"rows\":4,\"cols\":40}',5,NULL,'2021-08-17 09:00:23','2021-08-17 09:00:23');
INSERT INTO `ost_form_field` (`id`,`form_id`,`flags`,`type`,`label`,`name`,`configuration`,`sort`,`hint`,`created`,`updated`) VALUES (32,5,487601,'text','Title','title','{\"size\":40,\"length\":50}',1,NULL,'2021-08-17 09:00:23','2021-08-17 09:00:23');
INSERT INTO `ost_form_field` (`id`,`form_id`,`flags`,`type`,`label`,`name`,`configuration`,`sort`,`hint`,`created`,`updated`) VALUES (33,5,413939,'thread','Description','description',NULL,2,'Details on the reason(s) for creating the task.','2021-08-17 09:00:23','2021-08-17 09:00:23');
INSERT INTO `ost_form_field` (`id`,`form_id`,`flags`,`type`,`label`,`name`,`configuration`,`sort`,`hint`,`created`,`updated`) VALUES (34,6,487665,'state','State','state','{\"prompt\":\"State of a ticket\"}',1,NULL,'2021-08-17 09:00:23','2021-08-17 09:00:23');
INSERT INTO `ost_form_field` (`id`,`form_id`,`flags`,`type`,`label`,`name`,`configuration`,`sort`,`hint`,`created`,`updated`) VALUES (35,6,471073,'memo','Description','description','{\"rows\":\"2\",\"cols\":\"40\",\"html\":\"\",\"length\":\"100\"}',3,NULL,'2021-08-17 09:00:23','2021-08-17 09:00:23');
INSERT INTO `ost_form_field` (`id`,`form_id`,`flags`,`type`,`label`,`name`,`configuration`,`sort`,`hint`,`created`,`updated`) VALUES (36,7,30465,'text','Folio, ID o Número de usuario','folio','{\"size\":\"20\",\"length\":\"20\",\"validator\":\"number\",\"regex\":\"\",\"validator-error\":\"Debe ingresa un folio num\\u00e9rico\",\"placeholder\":\"\"}',1,NULL,'2021-08-17 10:08:10','2021-09-28 15:18:35');
INSERT INTO `ost_form_field` (`id`,`form_id`,`flags`,`type`,`label`,`name`,`configuration`,`sort`,`hint`,`created`,`updated`) VALUES (37,8,30465,'bool','Parcial','parcial','{\"desc\":\"<p>Selecciona el tipo de baja<\\/p>\"}',1,'<p><span dir=\"auto\">Baja Temporal. Esta baja podrá ser solicitada por el estudiante que requiera detener su formación académica por motivos de salud, trabajo o problemas personales. Esta baja será aplicada a partir del siguiente módulo que se vaya a cursar, durante este periodo no está obligado a realizar actividades académicas. Al finalizar el plazo establecido deberá solicitar por escrito a la Dirección de Control Escolar su reincorporación.</span><span dir=\"auto\">Baja Parcial. Esta baja podrá ser solicit','2021-08-09 10:18:38','2021-08-09 10:27:37');
INSERT INTO `ost_form_field` (`id`,`form_id`,`flags`,`type`,`label`,`name`,`configuration`,`sort`,`hint`,`created`,`updated`) VALUES (40,9,13057,'bool','Personales','personales','{\"desc\":\"\"}',2,NULL,'2021-08-18 11:29:05','2021-09-28 13:05:47');
INSERT INTO `ost_form_field` (`id`,`form_id`,`flags`,`type`,`label`,`name`,`configuration`,`sort`,`hint`,`created`,`updated`) VALUES (41,9,13057,'bool','Económicos','economicos','{\"desc\":\"\"}',3,NULL,'2021-08-18 11:29:05','2021-09-28 13:05:47');
INSERT INTO `ost_form_field` (`id`,`form_id`,`flags`,`type`,`label`,`name`,`configuration`,`sort`,`hint`,`created`,`updated`) VALUES (42,9,13057,'bool','Salud','salud','{\"desc\":\"\"}',4,NULL,'2021-08-18 11:29:05','2021-09-28 13:05:47');
INSERT INTO `ost_form_field` (`id`,`form_id`,`flags`,`type`,`label`,`name`,`configuration`,`sort`,`hint`,`created`,`updated`) VALUES (43,9,13057,'bool','Tecnológicos','tecnologicos','{\"desc\":\"\"}',6,NULL,'2021-08-18 11:29:05','2021-09-28 13:05:47');
INSERT INTO `ost_form_field` (`id`,`form_id`,`flags`,`type`,`label`,`name`,`configuration`,`sort`,`hint`,`created`,`updated`) VALUES (44,9,13057,'bool','Otro','otros','{\"desc\":\"\"}',7,NULL,'2021-08-18 11:29:20','2021-09-28 13:05:47');
INSERT INTO `ost_form_field` (`id`,`form_id`,`flags`,`type`,`label`,`name`,`configuration`,`sort`,`hint`,`created`,`updated`) VALUES (45,10,30465,'choices','Periodo','periodoBT','{\"choices\":\"1-3:De 1 a 3 meses\\r\\n3-6:De 3 a 6 meses\\r\\n6-9:De 6 a 9 meses\",\"default\":\"\",\"prompt\":\"Seleccione Periodo\",\"multiselect\":false}',1,NULL,'2021-08-18 11:37:20','2021-09-28 13:08:37');
INSERT INTO `ost_form_field` (`id`,`form_id`,`flags`,`type`,`label`,`name`,`configuration`,`sort`,`hint`,`created`,`updated`) VALUES (46,11,30465,'choices','Persona que solicita la baja','persSolBj','{\"choices\":\"est:Estudiante\\r\\npot:Padre o Tutor\",\"default\":\"\",\"prompt\":\"Selecciona Persona\",\"multiselect\":false}',1,NULL,'2021-08-18 11:43:15','2021-09-28 13:09:53');
INSERT INTO `ost_form_field` (`id`,`form_id`,`flags`,`type`,`label`,`name`,`configuration`,`sort`,`hint`,`created`,`updated`) VALUES (47,12,13057,'bool','Aprobó examen por acuerdo 286','examen286','{\"desc\":\"\"}',2,NULL,'2021-08-18 11:54:38','2021-09-28 13:01:49');
INSERT INTO `ost_form_field` (`id`,`form_id`,`flags`,`type`,`label`,`name`,`configuration`,`sort`,`hint`,`created`,`updated`) VALUES (48,12,13057,'bool','Cambio de modalidad educativa','cambioME','{\"desc\":\"\"}',3,NULL,'2021-08-18 11:54:38','2021-09-28 13:01:49');
INSERT INTO `ost_form_field` (`id`,`form_id`,`flags`,`type`,`label`,`name`,`configuration`,`sort`,`hint`,`created`,`updated`) VALUES (49,12,13057,'bool','Laboral, económico o salud','labecosal','{\"desc\":\"\"}',5,NULL,'2021-08-18 11:54:38','2021-09-28 15:21:28');
INSERT INTO `ost_form_field` (`id`,`form_id`,`flags`,`type`,`label`,`name`,`configuration`,`sort`,`hint`,`created`,`updated`) VALUES (50,12,13057,'bool','No entiendo la plataforma educativa','noentiendoPE','{\"desc\":\"\"}',4,NULL,'2021-08-18 11:54:38','2021-09-28 15:21:28');
INSERT INTO `ost_form_field` (`id`,`form_id`,`flags`,`type`,`label`,`name`,`configuration`,`sort`,`hint`,`created`,`updated`) VALUES (51,12,13057,'bool','Otro','otro','{\"desc\":\"\"}',6,NULL,'2021-08-18 11:55:02','2021-09-28 13:01:49');
INSERT INTO `ost_form_field` (`id`,`form_id`,`flags`,`type`,`label`,`name`,`configuration`,`sort`,`hint`,`created`,`updated`) VALUES (52,13,13057,'bool','Laboral','laboral','{\"desc\":\"\"}',2,NULL,'2021-08-18 12:18:47','2021-09-28 13:07:10');
INSERT INTO `ost_form_field` (`id`,`form_id`,`flags`,`type`,`label`,`name`,`configuration`,`sort`,`hint`,`created`,`updated`) VALUES (53,13,13057,'bool','Salud','salud','{\"desc\":\"\"}',3,NULL,'2021-08-18 12:18:47','2021-09-28 13:07:10');
INSERT INTO `ost_form_field` (`id`,`form_id`,`flags`,`type`,`label`,`name`,`configuration`,`sort`,`hint`,`created`,`updated`) VALUES (54,13,13057,'bool','Beca','beca','{\"desc\":\"\"}',4,NULL,'2021-08-18 12:18:47','2021-09-28 13:07:10');
INSERT INTO `ost_form_field` (`id`,`form_id`,`flags`,`type`,`label`,`name`,`configuration`,`sort`,`hint`,`created`,`updated`) VALUES (55,13,13057,'bool','Cambio de modalidad','camModalidad','{\"desc\":\"\"}',6,NULL,'2021-08-18 12:18:47','2021-09-28 13:18:25');
INSERT INTO `ost_form_field` (`id`,`form_id`,`flags`,`type`,`label`,`name`,`configuration`,`sort`,`hint`,`created`,`updated`) VALUES (56,13,13057,'bool','Egreso','egreso','{\"desc\":\"\"}',5,NULL,'2021-08-18 12:19:37','2021-09-28 13:18:25');
INSERT INTO `ost_form_field` (`id`,`form_id`,`flags`,`type`,`label`,`name`,`configuration`,`sort`,`hint`,`created`,`updated`) VALUES (57,13,13057,'bool','Otro','otro','{\"desc\":\"\"}',7,NULL,'2021-08-18 12:19:37','2021-09-28 13:07:10');
INSERT INTO `ost_form_field` (`id`,`form_id`,`flags`,`type`,`label`,`name`,`configuration`,`sort`,`hint`,`created`,`updated`) VALUES (58,14,30465,'text','CURP','curp','{\"size\":\"18\",\"length\":\"18\",\"validator\":\"regex\",\"regex\":\"\\/[A-Z]{4}[0-9]{6}[HM]{1}[A-Z]{2}[B-DF-HJ-NP-TV-Z]{3}[0-9A-Z]{1}[0-9]{1}$\\/iu\",\"validator-error\":\"Debe ingresar CURP v\\u00e1lida\",\"placeholder\":\"\"}',1,NULL,'2021-08-24 10:14:18','2021-09-28 12:56:01');
INSERT INTO `ost_form_field` (`id`,`form_id`,`flags`,`type`,`label`,`name`,`configuration`,`sort`,`hint`,`created`,`updated`) VALUES (59,15,30465,'text','Correo electrónico anterior','correoAnt','{\"size\":\"15\",\"length\":\"60\",\"validator\":\"email\",\"regex\":\"\",\"validator-error\":\"Debe ingresar correo electr\\u00f3nico v\\u00e1lido\",\"placeholder\":\"\"}',1,NULL,'2021-09-17 07:28:39','2021-09-28 15:06:25');
INSERT INTO `ost_form_field` (`id`,`form_id`,`flags`,`type`,`label`,`name`,`configuration`,`sort`,`hint`,`created`,`updated`) VALUES (60,15,30465,'choices','Motivo por el que solicita el cambio','motivoActCorreo','{\"choices\":\"sac: Sin acceso a correo electr\\u00f3nico registrado, no recuerdo direcci\\u00f3n de correo y\\/o contrase\\u00f1a \\r\\nctr: Cambie de trabajo, me quede sin acceso a correo institucional \\r\\ncdm: Cambie de dispositivo m\\u00f3vil o computadora, por robo, extrav\\u00edo o fallas t\\u00e9cnicas  \\r\\nrcf: Registre un correo electr\\u00f3nico de familiar o amigo y prefiero uno personal \\r\\ndae: Decid\\u00ed asignar un correo especial para mis estudios \\r\\nrcr: Robaron mi correo electr\\u00f3nico registrado y hacen mal uso de su informaci\\u00f3n \\r\\notm: Otro\",\"default\":\"\",\"prompt\":\"Seleccione Motivo\",\"multiselect\":false}',4,NULL,'2021-09-17 07:28:39','2021-09-29 04:03:24');
INSERT INTO `ost_form_field` (`id`,`form_id`,`flags`,`type`,`label`,`name`,`configuration`,`sort`,`hint`,`created`,`updated`) VALUES (62,15,30465,'files','Identificación Oficial','identOf','{\"size\":1048576,\"mimetypes\":null,\"extensions\":\".pdf, .jpg, .jpeg, .png, .gif\",\"max\":\"1\"}',7,'<p>Debes adjuntar una identificación oficial (INE, pasaporte, cartilla militar, licencia de conducir, credencial de Prepa en Línea-SEP, si eres menor de edad puedes adjuntar la identificación de tu tutor) en un archivo de máximo 1MB en los siguientes formatos: pdf, jpg, jpeg, gif, png.</p>','2021-09-17 07:28:39','2021-09-28 12:46:57');
INSERT INTO `ost_form_field` (`id`,`form_id`,`flags`,`type`,`label`,`name`,`configuration`,`sort`,`hint`,`created`,`updated`) VALUES (63,15,13057,'text','Llenar solo si el motivo seleccionado es &quot;Otro&quot;','otroMotivoActCorreo','{\"size\":\"15\",\"length\":\"30\",\"validator\":\"\",\"regex\":\"\",\"validator-error\":\"\",\"placeholder\":\"\"}',5,NULL,'2021-09-23 05:31:26','2021-09-28 15:12:31');
INSERT INTO `ost_form_field` (`id`,`form_id`,`flags`,`type`,`label`,`name`,`configuration`,`sort`,`hint`,`created`,`updated`) VALUES (64,15,30465,'text','Correo electrónico nuevo','correoNue','{\"size\":\"15\",\"length\":\"60\",\"validator\":\"email\",\"regex\":\"\",\"validator-error\":\"Debe ingresar correo electr\\u00f3nico v\\u00e1lido\",\"placeholder\":\"\"}',2,NULL,'2021-09-28 12:32:02','2021-09-28 15:06:31');
INSERT INTO `ost_form_field` (`id`,`form_id`,`flags`,`type`,`label`,`name`,`configuration`,`sort`,`hint`,`created`,`updated`) VALUES (65,15,30465,'text','Confirma electrónico nuevo','correoNueConf','{\"size\":\"15\",\"length\":\"60\",\"validator\":\"email\",\"regex\":\"\",\"validator-error\":\"Debe ingresar correo electr\\u00f3nico v\\u00e1lido\",\"placeholder\":\"\"}',3,NULL,'2021-09-28 12:32:02','2021-09-28 15:06:38');
INSERT INTO `ost_form_field` (`id`,`form_id`,`flags`,`type`,`label`,`name`,`configuration`,`sort`,`hint`,`created`,`updated`) VALUES (66,16,30465,'files','Carta responsiva e INE','cartarespine','{\"size\":1048576,\"mimetypes\":null,\"extensions\":\"pdf\",\"max\":\"1\"}',1,'<p>Debes adjuntar la carta responsiva e INE en un archivo de máximo 1MB en formato pdf</p>','2021-09-28 12:53:03','2021-09-28 12:53:30');
INSERT INTO `ost_form_field` (`id`,`form_id`,`flags`,`type`,`label`,`name`,`configuration`,`sort`,`hint`,`created`,`updated`) VALUES (67,17,30465,'memo','Comentarios','comentarios','{\"cols\":\"40\",\"rows\":\"4\",\"length\":\"200\",\"html\":false,\"placeholder\":\"\"}',1,NULL,'2021-09-28 12:54:28','2021-09-28 15:15:40');
INSERT INTO `ost_form_field` (`id`,`form_id`,`flags`,`type`,`label`,`name`,`configuration`,`sort`,`hint`,`created`,`updated`) VALUES (68,12,30465,'info','Motivo baja definitiva','motivobajdef',NULL,1,NULL,'2021-09-28 13:00:46','2021-09-28 13:01:49');
INSERT INTO `ost_form_field` (`id`,`form_id`,`flags`,`type`,`label`,`name`,`configuration`,`sort`,`hint`,`created`,`updated`) VALUES (69,12,13057,'text','Llenar solo si el motivo seleccionado es &quot;Otro&quot;','otromotivo','{\"size\":\"15\",\"length\":\"30\",\"validator\":\"\",\"regex\":\"\",\"validator-error\":\"\",\"placeholder\":\"\"}',7,NULL,'2021-09-28 13:01:49','2021-09-28 13:03:01');
INSERT INTO `ost_form_field` (`id`,`form_id`,`flags`,`type`,`label`,`name`,`configuration`,`sort`,`hint`,`created`,`updated`) VALUES (70,9,30465,'info','Motivo baja temporal','motivobajtemp',NULL,1,NULL,'2021-09-28 13:05:18','2021-09-28 13:05:47');
INSERT INTO `ost_form_field` (`id`,`form_id`,`flags`,`type`,`label`,`name`,`configuration`,`sort`,`hint`,`created`,`updated`) VALUES (71,9,13057,'bool','Laboral','laboral',NULL,5,NULL,'2021-09-28 13:05:18','2021-09-28 13:05:47');
INSERT INTO `ost_form_field` (`id`,`form_id`,`flags`,`type`,`label`,`name`,`configuration`,`sort`,`hint`,`created`,`updated`) VALUES (72,9,13057,'text','Llenar solo si el motivo seleccionado es &quot;Otro&quot;','otromotivo','{\"size\":\"15\",\"length\":\"30\",\"validator\":\"\",\"regex\":\"\",\"validator-error\":\"\",\"placeholder\":\"\"}',8,NULL,'2021-09-28 13:05:47','2021-09-28 13:05:55');
INSERT INTO `ost_form_field` (`id`,`form_id`,`flags`,`type`,`label`,`name`,`configuration`,`sort`,`hint`,`created`,`updated`) VALUES (73,13,30465,'info','Motivo de la solicitud','motivosol',NULL,1,NULL,'2021-09-28 13:07:10','2021-09-28 13:07:10');
INSERT INTO `ost_form_field` (`id`,`form_id`,`flags`,`type`,`label`,`name`,`configuration`,`sort`,`hint`,`created`,`updated`) VALUES (74,13,13057,'text','Llenar solo si el motivo seleccionado es &quot;Otro&quot;','otromotivo','{\"size\":\"15\",\"length\":\"30\",\"validator\":\"\",\"regex\":\"\",\"validator-error\":\"\",\"placeholder\":\"\"}',8,NULL,'2021-09-28 13:07:10','2021-09-28 15:23:06');
INSERT INTO `ost_form_field` (`id`,`form_id`,`flags`,`type`,`label`,`name`,`configuration`,`sort`,`hint`,`created`,`updated`) VALUES (76,18,30465,'choices','Motivos de solicitud','motcertf','{\"choices\":\"csm: He concluido de manera satisfactoria mis 23 m\\u00f3dulos\\r\\nnca: No cuento con mis claves de acceso y\\/o requiero una copia de este\\r\\nadp: He actualizado datos personales por alg\\u00fan error en mis documentos de identidad\",\"default\":\"\",\"prompt\":\"Selecciona Motivo\",\"multiselect\":false}',1,NULL,'2021-09-28 15:25:35','2021-09-29 07:29:32');
INSERT INTO `ost_form_field` (`id`,`form_id`,`flags`,`type`,`label`,`name`,`configuration`,`sort`,`hint`,`created`,`updated`) VALUES (77,19,30465,'choices','Motivos de solicitud','motivoSolExpDig','{\"choices\":\"tps: Tuve problemas para subir mis documentos en la inscripci\\u00f3n, en d\\u00f3nde puedo enviarlos \\r\\nnsd: No se cu\\u00e1les documentos me faltan \\r\\nnrd: No han revisado mis documentos \\r\\nenr: He enviado mis documentos y no me responden \\r\\nspd: Estoy suspendido por documentos qu\\u00e9 debo hacer \\r\\nsde: Sigo en suspensi\\u00f3n y ya env\\u00ede mis documentos \\r\\nced: C\\u00f3mo debo enviar los documentos \\r\\nnqd: No se a qui\\u00e9n o en d\\u00f3nde enviar mis documentos faltantes\",\"default\":\"\",\"prompt\":\"Selecciona Motivo\",\"multiselect\":false}',1,NULL,'2021-09-28 15:27:19','2021-09-28 15:28:10');
INSERT INTO `ost_form_field` (`id`,`form_id`,`flags`,`type`,`label`,`name`,`configuration`,`sort`,`hint`,`created`,`updated`) VALUES (78,19,30465,'memo','Descripción','descripExpDig','{\"cols\":\"40\",\"rows\":\"4\",\"length\":\"200\",\"html\":false,\"placeholder\":\"\"}',2,'<p>Describir problema y en caso necesario adjuntar evidencia de que ya existe comunicación con el encargado de controle escolar.</p>','2021-09-28 15:27:19','2021-09-28 15:28:56');
INSERT INTO `ost_form_field` (`id`,`form_id`,`flags`,`type`,`label`,`name`,`configuration`,`sort`,`hint`,`created`,`updated`) VALUES (79,19,13057,'files','Evidencia','evidenExpDig','{\"size\":1048576,\"mimetypes\":null,\"extensions\":\"pdf, jpg, jpeg, gif, png\",\"max\":\"1\"}',3,'<p>Archivo de máximo 1MB en los siguientes formatos: pdf, jpg, jpeg, gif, png</p>','2021-09-28 15:27:19','2021-09-28 15:29:31');
INSERT INTO `ost_form_field` (`id`,`form_id`,`flags`,`type`,`label`,`name`,`configuration`,`sort`,`hint`,`created`,`updated`) VALUES (80,20,30465,'choices','Requiere sello','reqSello','{\"choices\":\"si: Si \\r\\nno: No\",\"default\":\"\",\"prompt\":\"Selecciona\",\"multiselect\":false}',1,NULL,'2021-09-28 15:30:18','2021-09-28 15:30:42');
INSERT INTO `ost_form_field` (`id`,`form_id`,`flags`,`type`,`label`,`name`,`configuration`,`sort`,`hint`,`created`,`updated`) VALUES (81,21,30465,'datetime','Fecha en que se solicito la baja temporal','fecsolbjtem',NULL,1,NULL,'2021-09-29 04:58:20','2021-09-29 04:58:20');
INSERT INTO `ost_form_field` (`id`,`form_id`,`flags`,`type`,`label`,`name`,`configuration`,`sort`,`hint`,`created`,`updated`) VALUES (82,21,30465,'choices','Último módulo cursado','ultmodcurs','{\"choices\":\"M1: M1\\r\\nM2: M2\\r\\nM3: M3\\r\\nM4: M4\\r\\nM5: M5\\r\\nM6: M6\\r\\nM7: M7\\r\\nM8: M8\\r\\nM9: M9\\r\\nM10: M10\\r\\nM11: M11\\r\\nM12: M12\\r\\nM13: M13\\r\\nM14: M14\\r\\nM15: M15\\r\\nM16: M16\\r\\nM17: M17\\r\\nM18: M18\\r\\nM19: M19\\r\\nM20: M20\\r\\nM21: M21\\r\\nM22: M22\\r\\nM23: M23\",\"default\":\"\",\"prompt\":\"Seleccione Modulo\",\"multiselect\":false}',2,NULL,'2021-09-29 04:58:20','2021-09-29 04:58:43');
INSERT INTO `ost_form_field` (`id`,`form_id`,`flags`,`type`,`label`,`name`,`configuration`,`sort`,`hint`,`created`,`updated`) VALUES (83,22,13057,'text','Número de teléfono','numtelest','{\"size\":\"10\",\"length\":\"10\",\"validator\":\"regex\",\"regex\":\"\\/^([1-9][0-9]{9})$\\/iu\",\"validator-error\":\"El tel\\u00e9fono debe ser de 10 d\\u00edgitos\",\"placeholder\":\"\"}',1,NULL,'2021-09-29 06:29:37','2021-09-29 07:25:23');
INSERT INTO `ost_form_field` (`id`,`form_id`,`flags`,`type`,`label`,`name`,`configuration`,`sort`,`hint`,`created`,`updated`) VALUES (84,23,30465,'choices','Tipo de Institución','tipoInstitucion','{\"choices\":\"ac:Atenci\\u00f3n Ciudadana\\r\\ncndh:Comisi\\u00f3n Nacional de Derechos Humanos\\r\\ncnpd:Consejo Nacional Para Prevenir la Discriminaci\\u00f3n\\r\\nge:Gobiernos Estatales\\r\\njf:Juzgados de lo Familiar\\r\\noic:\\u00d3rgano Interno de Control\\r\\not:Otra\",\"default\":\"\",\"prompt\":\"\",\"multiselect\":false}',1,NULL,'2021-09-29 06:29:37','2021-10-27 06:30:29');

-- generar inserts temas
delete from ost_help_topic where topic_id < 100;
delete from ost_help_topic_form where id<100;
alter table ost_help_topic modify topic varchar(80);

INSERT INTO `ost_help_topic` (`topic_id`,`topic_pid`,`ispublic`,`noautoresp`,`flags`,`status_id`,`priority_id`,`dept_id`,`staff_id`,`team_id`,`sla_id`,`page_id`,`sequence_id`,`sort`,`topic`,`number_format`,`notes`,`created`,`updated`) VALUES (1,23,1,0,2,1,2,1,2,0,1,2,0,1,'Convocatoria para ingreso a Prepa en Línea-SEP',NULL,'<p>Atención y asesoría a los aspirantes.<br /></p>','2021-07-16 11:45:32','2021-09-29 07:08:18');
INSERT INTO `ost_help_topic` (`topic_id`,`topic_pid`,`ispublic`,`noautoresp`,`flags`,`status_id`,`priority_id`,`dept_id`,`staff_id`,`team_id`,`sla_id`,`page_id`,`sequence_id`,`sort`,`topic`,`number_format`,`notes`,`created`,`updated`) VALUES (2,24,1,0,2,1,2,1,3,0,1,2,0,7,'Becas',NULL,' <p>El Servicio Nacional de Bachillerato en Línea “Prepa en Línea-SEP” no cuenta con un programa de becas para sus estudiantes, sin embargo, somos el medio de difusión de los programas gubernamentales de becas en los que contemplan a nuestra comunidad estudiantil.</p> <p>Para más información, consultar las siguientes páginas o envía tu duda a los correos electrónicos que se muestran: </p> <p>BECA PILARES </p> <p>Página oficial: <a href=\"https://www.sectei.cdmx.gob.mx/\">https://www.sectei.cdmx.gob.mx/</a> </p> <p>Correo electrónico: atencionciudadana@educacion.cdmx.gob.mx </p> <p>Correo electrónico: becaspilares@sectei.cdmx.gob.mx </p> <p>COORDINACION DE BECAS DE LA SUBSECRETARIA DE EDUCACION MEDIA SUPERIOR (CBSEMS) </p> <p>Convocatoria (Becas Media Superior)</p> <p>Página oficial: <a href=\"http://www.becasmediasuperior.sep.gob.mx/Contactanos\">http://www.becasmediasuperior.sep.gob.mx/Contactanos</a> </p> <p>Correo electrónico: becasmediasuperior@sep.gob.mx</p> ','2021-07-16 11:45:32','2021-09-28 15:36:28');
INSERT INTO `ost_help_topic` (`topic_id`,`topic_pid`,`ispublic`,`noautoresp`,`flags`,`status_id`,`priority_id`,`dept_id`,`staff_id`,`team_id`,`sla_id`,`page_id`,`sequence_id`,`sort`,`topic`,`number_format`,`notes`,`created`,`updated`) VALUES (3,25,1,0,2,1,2,1,4,0,1,2,0,3,'Certificado de Prepa en Línea - SEP',NULL,' <p>Atención y asesoría para la descarga del certificado; corrección de datos y dudas técnicas, procede cuando: </p> <p>a) Un estudiante ha concluido de manera satisfactoria sus 23 módulos; </p> <p>b) No cuenta el egresado con sus claves de acceso y/o requiere una copia de este; </p> <p>c) El egresado ha actualizado datos personales por algún error en sus documentos de identidad. </p> ','2021-07-16 11:45:32','2021-09-28 03:20:52');
INSERT INTO `ost_help_topic` (`topic_id`,`topic_pid`,`ispublic`,`noautoresp`,`flags`,`status_id`,`priority_id`,`dept_id`,`staff_id`,`team_id`,`sla_id`,`page_id`,`sequence_id`,`sort`,`topic`,`number_format`,`notes`,`created`,`updated`) VALUES (4,24,1,1,2,1,2,1,5,0,1,2,0,4,'Actualización del correo',NULL,'<p>Para actualizar la cuenta de correo electrónico que registró al momento de su inscripción, es necesario que ingrese la información que se requiere en el siguiente formulario. Es importante tener listo su ID (número de usuario o folio) e identificación oficial escaneada (INE, pasaporte, cartilla militar, licencia de conducir, si es menor de edad puede enviar la INE del padre, madre o tutor, o credencial de Prepa en Línea-SEP).</p>','2021-07-16 11:45:33','2021-09-28 07:17:31');
INSERT INTO `ost_help_topic` (`topic_id`,`topic_pid`,`ispublic`,`noautoresp`,`flags`,`status_id`,`priority_id`,`dept_id`,`staff_id`,`team_id`,`sla_id`,`page_id`,`sequence_id`,`sort`,`topic`,`number_format`,`notes`,`created`,`updated`) VALUES (5,24,1,0,2,1,2,1,0,0,1,2,0,8,'Constancias de estudio',NULL,'<p>Documento electrónico con código QR que avala la trayectoria escolar del estudiante, establece el módulo que cursa y su avance académico, es firmado y sellado digitalmente por el responsable del servicio educativo. La constancia será enviada al correo electrónico registrado en un plazo no mayor de 15 días naturales.<br /></p>','2021-07-16 13:06:29','2021-09-28 03:16:42');
INSERT INTO `ost_help_topic` (`topic_id`,`topic_pid`,`ispublic`,`noautoresp`,`flags`,`status_id`,`priority_id`,`dept_id`,`staff_id`,`team_id`,`sla_id`,`page_id`,`sequence_id`,`sort`,`topic`,`number_format`,`notes`,`created`,`updated`) VALUES (6,24,1,0,2,1,2,1,5,0,1,2,0,12,'Historial académico',NULL,' <p>Documento que contiene el historial de módulos asignados (ordinarios y extraordinarios) con sus respectivas calificaciones. Puede ser impreso desde el Sistema Integral de Gestión Académica de Prepa en Línea SEP (SIGAPREP) las veces que se considere necesario.</p> <p>Si requiere sello de la Dirección de Control Escolar contesté el siguiente formulario para proporcionarle fecha de atención. </p> ','2021-07-16 13:07:14','2021-09-28 07:18:00');
INSERT INTO `ost_help_topic` (`topic_id`,`topic_pid`,`ispublic`,`noautoresp`,`flags`,`status_id`,`priority_id`,`dept_id`,`staff_id`,`team_id`,`sla_id`,`page_id`,`sequence_id`,`sort`,`topic`,`number_format`,`notes`,`created`,`updated`) VALUES (7,24,1,0,2,1,2,1,1,0,1,2,0,20,'Revisión o aclaración de calificaciones',NULL,'<p>Apoyo y orientación sobre la verificación de la calificación final obtenida en alguno de sus módulos, en caso de existir inconformidad, en base al envío de evidencias sustentables para el análisis de su solicitud, y en caso de ser procedente, solicitar la corrección de la calificación final.</p>','2021-07-16 13:08:51','2021-09-28 05:46:55');
INSERT INTO `ost_help_topic` (`topic_id`,`topic_pid`,`ispublic`,`noautoresp`,`flags`,`status_id`,`priority_id`,`dept_id`,`staff_id`,`team_id`,`sla_id`,`page_id`,`sequence_id`,`sort`,`topic`,`number_format`,`notes`,`created`,`updated`) VALUES (8,24,1,0,2,1,2,1,7,0,1,2,0,21,'Seguro social estudiantil (IMSS)',NULL,'<p>Brindar atención y asesoría a los estudiantes que no cuenten con ningún servicio de seguridad social, sobre el trámite de afiliación y baja del seguro médico que otorga el Instituto Mexicano del Seguro Social (IMSS).</p>','2021-07-16 13:09:38','2021-09-28 03:19:11');
INSERT INTO `ost_help_topic` (`topic_id`,`topic_pid`,`ispublic`,`noautoresp`,`flags`,`status_id`,`priority_id`,`dept_id`,`staff_id`,`team_id`,`sla_id`,`page_id`,`sequence_id`,`sort`,`topic`,`number_format`,`notes`,`created`,`updated`) VALUES (9,24,1,0,2,1,2,1,8,0,1,2,0,6,'Baja temporal',NULL,' <p>Procede:<br /></p> <p>a) A solicitud del estudiante cuando sea mayor de edad y a solicitud de la(s) madre(s) y padre(s) de familia o tutor(es) legal(es) cuando sea menor de edad;</p> <p>b) Por la autoridad educativa del plantel o servicio educativo.</p> <p>Tiene una duración de máximo 1 año, deberá solicitarse con 15 de antelación al inicio del módulo siguiente. Durante este periodo no está obligado a realizar actividades académicas. Al finalizar el plazo establecido deberá registrar un ticket eligiendo el Tema de Ayuda \"Reincorporación por baja temporal\".  </p> ','2021-07-16 13:10:44','2021-09-29 04:36:47');
INSERT INTO `ost_help_topic` (`topic_id`,`topic_pid`,`ispublic`,`noautoresp`,`flags`,`status_id`,`priority_id`,`dept_id`,`staff_id`,`team_id`,`sla_id`,`page_id`,`sequence_id`,`sort`,`topic`,`number_format`,`notes`,`created`,`updated`) VALUES (10,24,1,0,2,1,2,1,8,0,1,2,0,5,'Baja definitiva',NULL,' <p>Procede:</p> <p>a) A solicitud del estudiante si es mayor de edad.</p> <p>b) A solicitud de los padres de familia o tutores legales, cuando el estudiante sea menor de edad.</p> <p>Esta decisión no podrá ser revocada y el solicitante no podrá retomar sus estudios en Prepa en Línea-SEP. En todos los casos, la Dirección de Control Escolar notificará al estudiante por escrito la procedencia de su baja. Es importante que valores la decisión con tu Tutor Escolar.</p> <p>Para iniciar el trámite deberás descargar, completar, firmar y escanear la siguiente <a href=\"formatos/CARTA_RESPONSIVA.docx\" target=\"_blank\">CARTA RESPONSIVA</a>, adjuntando fotocopia de INE al final del documento.</p> ','2021-07-20 12:34:32','2021-09-29 04:55:25');
INSERT INTO `ost_help_topic` (`topic_id`,`topic_pid`,`ispublic`,`noautoresp`,`flags`,`status_id`,`priority_id`,`dept_id`,`staff_id`,`team_id`,`sla_id`,`page_id`,`sequence_id`,`sort`,`topic`,`number_format`,`notes`,`created`,`updated`) VALUES (11,24,1,0,2,1,2,1,0,0,1,2,0,23,'Trayectoria escolar',NULL,'<p>Apoyo y orientación a estudiantes sobre el estado que guarda su situación escolar (módulos cursados, pendientes por cursar, acreditados y no acreditados).<br /></p>','2021-07-20 12:34:33','2021-09-28 03:23:28');
INSERT INTO `ost_help_topic` (`topic_id`,`topic_pid`,`ispublic`,`noautoresp`,`flags`,`status_id`,`priority_id`,`dept_id`,`staff_id`,`team_id`,`sla_id`,`page_id`,`sequence_id`,`sort`,`topic`,`number_format`,`notes`,`created`,`updated`) VALUES (12,24,1,0,2,1,2,1,10,0,1,2,0,17,'Regularización (recursamiento y remedial)',NULL,'<p>Apoyo y orientación a los estudiantes que se encuentren en baja parcial por adeudo de 3 o más módulos, sobre los periodos de recursamientos y remediales, para que regularicen su situación académica, así como el procedimiento para que sean considerados a uno de estos periodos y puedan concluir sus estudios de Prepa en Línea – SEP.<br /></p>','2021-07-20 12:34:33','2021-09-29 07:17:34');
INSERT INTO `ost_help_topic` (`topic_id`,`topic_pid`,`ispublic`,`noautoresp`,`flags`,`status_id`,`priority_id`,`dept_id`,`staff_id`,`team_id`,`sla_id`,`page_id`,`sequence_id`,`sort`,`topic`,`number_format`,`notes`,`created`,`updated`) VALUES (13,24,1,0,2,1,2,1,11,0,1,2,0,9,'Documentos faltantes en su expediente estudiantil',NULL,'<p>Atención y asesoría sobre la documentación faltante o con observaciones en el expediente digital del estudiante.<br /></p>','2021-07-20 12:34:33','2021-09-29 07:13:23');
INSERT INTO `ost_help_topic` (`topic_id`,`topic_pid`,`ispublic`,`noautoresp`,`flags`,`status_id`,`priority_id`,`dept_id`,`staff_id`,`team_id`,`sla_id`,`page_id`,`sequence_id`,`sort`,`topic`,`number_format`,`notes`,`created`,`updated`) VALUES (14,24,1,0,2,1,2,1,4,0,1,2,0,18,'Reincorporación de estudiantes en baja definitiva',NULL,'<p>Apoyo y orientación a estudiantes que hayan causado baja definitiva por inactividad y/o por oportunidades; sobre la posibilidad de ser reincorporados nuevamente al servicio educativo (previo análisis de su situación académica) y puedan concluir de manera satisfactoria sus estudios de Prepa en Línea - SEP. </p>','2021-07-20 12:34:33','2021-09-28 03:20:07');
INSERT INTO `ost_help_topic` (`topic_id`,`topic_pid`,`ispublic`,`noautoresp`,`flags`,`status_id`,`priority_id`,`dept_id`,`staff_id`,`team_id`,`sla_id`,`page_id`,`sequence_id`,`sort`,`topic`,`number_format`,`notes`,`created`,`updated`) VALUES (15,24,1,0,2,1,2,1,1,0,1,2,0,10,'Equivalencia de estudios',NULL,'<p>Apoyo y orientación sobre el trámite a realizar para el reconocimiento de sus estudios previos de bachillerato cursados en otra institución educativa, dentro del Sistema Educativo Nacional.</p>','2021-07-20 12:34:33','2021-09-28 05:45:59');
INSERT INTO `ost_help_topic` (`topic_id`,`topic_pid`,`ispublic`,`noautoresp`,`flags`,`status_id`,`priority_id`,`dept_id`,`staff_id`,`team_id`,`sla_id`,`page_id`,`sequence_id`,`sort`,`topic`,`number_format`,`notes`,`created`,`updated`) VALUES (16,24,1,0,2,1,2,1,10,0,1,2,0,16,'Reactivación del servicio educativo por suspensión',NULL,'<p>Apoyo y orientación al estudiante con suspensión del servicio educativo por falta de su certificado de terminación de estudios de secundaria y/o acta de nacimiento, se informa dónde puede solicitar un duplicado de su certificado en la entidad donde radique, y el procedimiento para eliminar dicha suspensión y pueda continuar con sus estudios.<br /></p>','2021-07-20 12:34:33','2021-09-29 07:17:20');
INSERT INTO `ost_help_topic` (`topic_id`,`topic_pid`,`ispublic`,`noautoresp`,`flags`,`status_id`,`priority_id`,`dept_id`,`staff_id`,`team_id`,`sla_id`,`page_id`,`sequence_id`,`sort`,`topic`,`number_format`,`notes`,`created`,`updated`) VALUES (17,24,1,0,2,1,2,1,13,0,1,2,0,22,'Tránsito de estudiantes del plan modular de Prepa Abierta',NULL,'<p>Apoyo y orientación sobre el libre tránsito de estudiantes con el mismo plan de estudios entre Prepa Abierta y Prepa en Línea-SEP, utilizando la compatibilidad de planes de estudio para evitar los trámites administrativos que originan el abandono y la deserción escolar.</p>','2021-07-20 12:34:33','2021-09-28 03:21:44');
INSERT INTO `ost_help_topic` (`topic_id`,`topic_pid`,`ispublic`,`noautoresp`,`flags`,`status_id`,`priority_id`,`dept_id`,`staff_id`,`team_id`,`sla_id`,`page_id`,`sequence_id`,`sort`,`topic`,`number_format`,`notes`,`created`,`updated`) VALUES (18,24,1,0,2,1,2,1,3,0,1,2,0,13,'Invasión de nivel',NULL,'<p>Apoyo y orientación para estudiantes que cayeron en invasión de nivel, sobre como se salir de dicha invasión, los pasos a seguir para su reasignación a una nueva generación.</p>','2021-07-20 12:34:33','2021-09-24 03:44:18');
INSERT INTO `ost_help_topic` (`topic_id`,`topic_pid`,`ispublic`,`noautoresp`,`flags`,`status_id`,`priority_id`,`dept_id`,`staff_id`,`team_id`,`sla_id`,`page_id`,`sequence_id`,`sort`,`topic`,`number_format`,`notes`,`created`,`updated`) VALUES (19,24,1,0,2,1,2,1,14,0,1,2,0,15,'Quejas',NULL,'<p>Atención a inconformidades sobre el desempeño del Asesor Virtual, Tutor, Supervisor de Acompañamiento a la Mejora Educativa o personal de cualquier dirección de Prepa en Línea-SEP, asimismo todo hecho, acto u omisión que vayan en perjuicio del afectado(a).</p>','2021-07-20 12:34:33','2021-09-28 03:24:49');
INSERT INTO `ost_help_topic` (`topic_id`,`topic_pid`,`ispublic`,`noautoresp`,`flags`,`status_id`,`priority_id`,`dept_id`,`staff_id`,`team_id`,`sla_id`,`page_id`,`sequence_id`,`sort`,`topic`,`number_format`,`notes`,`created`,`updated`) VALUES (20,24,1,0,2,1,2,1,11,0,1,2,0,14,'Otros asuntos',NULL,'<p>Atención y orientación sobre algún tema distinto a los indicados en las opciones.<br /></p>','2021-07-20 12:34:33','2021-09-29 07:16:10');
INSERT INTO `ost_help_topic` (`topic_id`,`topic_pid`,`ispublic`,`noautoresp`,`flags`,`status_id`,`priority_id`,`dept_id`,`staff_id`,`team_id`,`sla_id`,`page_id`,`sequence_id`,`sort`,`topic`,`number_format`,`notes`,`created`,`updated`) VALUES (21,24,1,0,2,1,2,1,14,0,1,2,0,11,'Felicitaciones a la comunidad de Prepa en Línea - SEP',NULL,'<p>Permite realizar un agradecimiento o felicitación al desempeño del Asesor Virtual, Tutor, Supervisor de Acompañamiento a la Mejora Educativa o personal de cualquier dirección de Prepa en Línea-SEP.</p>','2021-08-03 11:41:07','2021-09-28 05:00:46');
INSERT INTO `ost_help_topic` (`topic_id`,`topic_pid`,`ispublic`,`noautoresp`,`flags`,`status_id`,`priority_id`,`dept_id`,`staff_id`,`team_id`,`sla_id`,`page_id`,`sequence_id`,`sort`,`topic`,`number_format`,`notes`,`created`,`updated`) VALUES (22,23,1,0,2,1,2,1,8,0,1,2,0,2,'Revalidación de Estudios',NULL,'<p>Apoyo y orientación sobre el trámite a realizar para el reconocimiento de sus estudios de nivel secundaria realizados en una institución educativa en el extranjero.</p>','2021-08-18 10:33:37','2021-09-28 05:45:23');
INSERT INTO `ost_help_topic` (`topic_id`,`topic_pid`,`ispublic`,`noautoresp`,`flags`,`status_id`,`priority_id`,`dept_id`,`staff_id`,`team_id`,`sla_id`,`page_id`,`sequence_id`,`sort`,`topic`,`number_format`,`notes`,`created`,`updated`) VALUES (23,0,0,1,2,1,2,1,0,0,1,2,0,2,'Aspirante',NULL,NULL,'2021-09-28 07:20:47','2021-09-28 11:05:56');
INSERT INTO `ost_help_topic` (`topic_id`,`topic_pid`,`ispublic`,`noautoresp`,`flags`,`status_id`,`priority_id`,`dept_id`,`staff_id`,`team_id`,`sla_id`,`page_id`,`sequence_id`,`sort`,`topic`,`number_format`,`notes`,`created`,`updated`) VALUES (24,0,0,0,2,1,2,1,0,0,1,2,0,12,'Estudiante',NULL,NULL,'2021-09-28 07:21:18','2021-09-28 07:21:18');
INSERT INTO `ost_help_topic` (`topic_id`,`topic_pid`,`ispublic`,`noautoresp`,`flags`,`status_id`,`priority_id`,`dept_id`,`staff_id`,`team_id`,`sla_id`,`page_id`,`sequence_id`,`sort`,`topic`,`number_format`,`notes`,`created`,`updated`) VALUES (25,0,0,0,2,1,2,1,0,0,1,2,0,10,'Egresado',NULL,NULL,'2021-09-28 07:21:45','2021-09-28 07:21:45');
INSERT INTO `ost_help_topic` (`topic_id`,`topic_pid`,`ispublic`,`noautoresp`,`flags`,`status_id`,`priority_id`,`dept_id`,`staff_id`,`team_id`,`sla_id`,`page_id`,`sequence_id`,`sort`,`topic`,`number_format`,`notes`,`created`,`updated`) VALUES (26,0,0,0,2,1,2,1,0,0,1,2,0,18,'Instituciones',NULL,NULL,'2021-09-28 07:24:20','2021-09-28 07:24:20');
INSERT INTO `ost_help_topic` (`topic_id`,`topic_pid`,`ispublic`,`noautoresp`,`flags`,`status_id`,`priority_id`,`dept_id`,`staff_id`,`team_id`,`sla_id`,`page_id`,`sequence_id`,`sort`,`topic`,`number_format`,`notes`,`created`,`updated`) VALUES (28,24,1,0,2,1,2,1,8,0,1,2,0,19,'Reincorporación de estudiantes en baja temporal',NULL,'<p>Apoyo y orientación a estudiantes que hayan solicitado baja temporal y el periodo solicitado este por concluir. </p>','2021-09-29 04:39:53','2021-09-29 04:42:06');
INSERT INTO `ost_help_topic` (`topic_id`,`topic_pid`,`ispublic`,`noautoresp`,`flags`,`status_id`,`priority_id`,`dept_id`,`staff_id`,`team_id`,`sla_id`,`page_id`,`sequence_id`,`sort`,`topic`,`number_format`,`notes`,`created`,`updated`) VALUES (29,26,1,0,2,1,2,1,14,0,1,2,0,24,'Atención a Instituciones',NULL,'<p>Atención y revisión de requerimientos por parte de las Instituciones.</p>','2021-10-22 07:22:41','2021-10-22 07:22:41');

INSERT INTO `ost_help_topic_form` (`id`,`topic_id`,`form_id`,`sort`,`extra`) VALUES (1,1,2,3,'{\"disable\":[]}');
INSERT INTO `ost_help_topic_form` (`id`,`topic_id`,`form_id`,`sort`,`extra`) VALUES (2,2,2,4,'{\"disable\":[20,21]}');
INSERT INTO `ost_help_topic_form` (`id`,`topic_id`,`form_id`,`sort`,`extra`) VALUES (3,2,7,2,'{\"disable\":[]}');
INSERT INTO `ost_help_topic_form` (`id`,`topic_id`,`form_id`,`sort`,`extra`) VALUES (4,3,2,4,'{\"disable\":[20,21]}');
INSERT INTO `ost_help_topic_form` (`id`,`topic_id`,`form_id`,`sort`,`extra`) VALUES (5,3,7,2,'{\"disable\":[]}');
INSERT INTO `ost_help_topic_form` (`id`,`topic_id`,`form_id`,`sort`,`extra`) VALUES (6,4,2,5,'{\"disable\":[20,21]}');
INSERT INTO `ost_help_topic_form` (`id`,`topic_id`,`form_id`,`sort`,`extra`) VALUES (7,4,7,2,'{\"disable\":[]}');
INSERT INTO `ost_help_topic_form` (`id`,`topic_id`,`form_id`,`sort`,`extra`) VALUES (8,5,2,5,'{\"disable\":[20,21]}');
INSERT INTO `ost_help_topic_form` (`id`,`topic_id`,`form_id`,`sort`,`extra`) VALUES (9,5,7,2,'{\"disable\":[]}');
INSERT INTO `ost_help_topic_form` (`id`,`topic_id`,`form_id`,`sort`,`extra`) VALUES (10,6,2,5,'{\"disable\":[20,21]}');
INSERT INTO `ost_help_topic_form` (`id`,`topic_id`,`form_id`,`sort`,`extra`) VALUES (11,6,7,2,'{\"disable\":[]}');
INSERT INTO `ost_help_topic_form` (`id`,`topic_id`,`form_id`,`sort`,`extra`) VALUES (12,7,2,3,'{\"disable\":[]}');
INSERT INTO `ost_help_topic_form` (`id`,`topic_id`,`form_id`,`sort`,`extra`) VALUES (13,7,7,2,'{\"disable\":[]}');
INSERT INTO `ost_help_topic_form` (`id`,`topic_id`,`form_id`,`sort`,`extra`) VALUES (14,8,2,3,'{\"disable\":[]}');
INSERT INTO `ost_help_topic_form` (`id`,`topic_id`,`form_id`,`sort`,`extra`) VALUES (15,8,7,2,'{\"disable\":[]}');
INSERT INTO `ost_help_topic_form` (`id`,`topic_id`,`form_id`,`sort`,`extra`) VALUES (16,9,2,6,'{\"disable\":[20,21]}');
INSERT INTO `ost_help_topic_form` (`id`,`topic_id`,`form_id`,`sort`,`extra`) VALUES (17,9,7,2,'{\"disable\":[]}');
INSERT INTO `ost_help_topic_form` (`id`,`topic_id`,`form_id`,`sort`,`extra`) VALUES (18,10,2,6,'{\"disable\":[20,21]}');
INSERT INTO `ost_help_topic_form` (`id`,`topic_id`,`form_id`,`sort`,`extra`) VALUES (19,10,7,2,'{\"disable\":[]}');
INSERT INTO `ost_help_topic_form` (`id`,`topic_id`,`form_id`,`sort`,`extra`) VALUES (20,11,2,3,'{\"disable\":[]}');
INSERT INTO `ost_help_topic_form` (`id`,`topic_id`,`form_id`,`sort`,`extra`) VALUES (21,11,7,2,'{\"disable\":[]}');
INSERT INTO `ost_help_topic_form` (`id`,`topic_id`,`form_id`,`sort`,`extra`) VALUES (22,13,2,4,'{\"disable\":[20,21]}');
INSERT INTO `ost_help_topic_form` (`id`,`topic_id`,`form_id`,`sort`,`extra`) VALUES (23,13,7,2,'{\"disable\":[]}');
INSERT INTO `ost_help_topic_form` (`id`,`topic_id`,`form_id`,`sort`,`extra`) VALUES (24,15,7,2,'{\"disable\":[]}');
INSERT INTO `ost_help_topic_form` (`id`,`topic_id`,`form_id`,`sort`,`extra`) VALUES (25,15,2,3,'{\"disable\":[]}');
INSERT INTO `ost_help_topic_form` (`id`,`topic_id`,`form_id`,`sort`,`extra`) VALUES (26,12,7,2,'{\"disable\":[]}');
INSERT INTO `ost_help_topic_form` (`id`,`topic_id`,`form_id`,`sort`,`extra`) VALUES (27,12,2,3,'{\"disable\":[]}');
INSERT INTO `ost_help_topic_form` (`id`,`topic_id`,`form_id`,`sort`,`extra`) VALUES (28,18,7,2,'{\"disable\":[]}');
INSERT INTO `ost_help_topic_form` (`id`,`topic_id`,`form_id`,`sort`,`extra`) VALUES (29,18,2,3,'{\"disable\":[]}');
INSERT INTO `ost_help_topic_form` (`id`,`topic_id`,`form_id`,`sort`,`extra`) VALUES (30,20,2,3,'{\"disable\":[]}');
INSERT INTO `ost_help_topic_form` (`id`,`topic_id`,`form_id`,`sort`,`extra`) VALUES (31,19,7,2,'{\"disable\":[]}');
INSERT INTO `ost_help_topic_form` (`id`,`topic_id`,`form_id`,`sort`,`extra`) VALUES (32,19,2,3,'{\"disable\":[]}');
INSERT INTO `ost_help_topic_form` (`id`,`topic_id`,`form_id`,`sort`,`extra`) VALUES (33,16,7,2,'{\"disable\":[]}');
INSERT INTO `ost_help_topic_form` (`id`,`topic_id`,`form_id`,`sort`,`extra`) VALUES (34,16,2,3,'{\"disable\":[]}');
INSERT INTO `ost_help_topic_form` (`id`,`topic_id`,`form_id`,`sort`,`extra`) VALUES (35,14,7,2,'{\"disable\":[]}');
INSERT INTO `ost_help_topic_form` (`id`,`topic_id`,`form_id`,`sort`,`extra`) VALUES (36,14,2,3,'{\"disable\":[]}');
INSERT INTO `ost_help_topic_form` (`id`,`topic_id`,`form_id`,`sort`,`extra`) VALUES (37,17,2,2,'{\"disable\":[]}');
INSERT INTO `ost_help_topic_form` (`id`,`topic_id`,`form_id`,`sort`,`extra`) VALUES (38,21,2,3,'{\"disable\":[20,21]}');
INSERT INTO `ost_help_topic_form` (`id`,`topic_id`,`form_id`,`sort`,`extra`) VALUES (40,22,2,2,'{\"disable\":[]}');
INSERT INTO `ost_help_topic_form` (`id`,`topic_id`,`form_id`,`sort`,`extra`) VALUES (41,9,9,5,'{\"disable\":[]}');
INSERT INTO `ost_help_topic_form` (`id`,`topic_id`,`form_id`,`sort`,`extra`) VALUES (42,9,10,3,'{\"disable\":[]}');
INSERT INTO `ost_help_topic_form` (`id`,`topic_id`,`form_id`,`sort`,`extra`) VALUES (43,9,11,4,'{\"disable\":[]}');
INSERT INTO `ost_help_topic_form` (`id`,`topic_id`,`form_id`,`sort`,`extra`) VALUES (44,10,11,3,'{\"disable\":[]}');
INSERT INTO `ost_help_topic_form` (`id`,`topic_id`,`form_id`,`sort`,`extra`) VALUES (45,10,12,4,'{\"disable\":[]}');
INSERT INTO `ost_help_topic_form` (`id`,`topic_id`,`form_id`,`sort`,`extra`) VALUES (48,5,13,4,'{\"disable\":[]}');
INSERT INTO `ost_help_topic_form` (`id`,`topic_id`,`form_id`,`sort`,`extra`) VALUES (49,6,13,3,'{\"disable\":[]}');
INSERT INTO `ost_help_topic_form` (`id`,`topic_id`,`form_id`,`sort`,`extra`) VALUES (50,5,14,3,'{\"disable\":[]}');
INSERT INTO `ost_help_topic_form` (`id`,`topic_id`,`form_id`,`sort`,`extra`) VALUES (51,4,14,3,'{\"disable\":[]}');
INSERT INTO `ost_help_topic_form` (`id`,`topic_id`,`form_id`,`sort`,`extra`) VALUES (52,4,15,4,'{\"disable\":[]}');
INSERT INTO `ost_help_topic_form` (`id`,`topic_id`,`form_id`,`sort`,`extra`) VALUES (53,1,14,2,'{\"disable\":[]}');
INSERT INTO `ost_help_topic_form` (`id`,`topic_id`,`form_id`,`sort`,`extra`) VALUES (54,20,7,2,'{\"disable\":[]}');
INSERT INTO `ost_help_topic_form` (`id`,`topic_id`,`form_id`,`sort`,`extra`) VALUES (55,23,2,1,'{\"disable\":[]}');
INSERT INTO `ost_help_topic_form` (`id`,`topic_id`,`form_id`,`sort`,`extra`) VALUES (56,24,2,1,'{\"disable\":[]}');
INSERT INTO `ost_help_topic_form` (`id`,`topic_id`,`form_id`,`sort`,`extra`) VALUES (57,25,2,1,'{\"disable\":[]}');
INSERT INTO `ost_help_topic_form` (`id`,`topic_id`,`form_id`,`sort`,`extra`) VALUES (58,26,2,1,'{\"disable\":[]}');
INSERT INTO `ost_help_topic_form` (`id`,`topic_id`,`form_id`,`sort`,`extra`) VALUES (59,27,2,1,'{\"disable\":[]}');
INSERT INTO `ost_help_topic_form` (`id`,`topic_id`,`form_id`,`sort`,`extra`) VALUES (60,10,16,5,'{\"disable\":[]}');
INSERT INTO `ost_help_topic_form` (`id`,`topic_id`,`form_id`,`sort`,`extra`) VALUES (61,2,17,3,'{\"disable\":[]}');
INSERT INTO `ost_help_topic_form` (`id`,`topic_id`,`form_id`,`sort`,`extra`) VALUES (62,3,18,3,'{\"disable\":[]}');
INSERT INTO `ost_help_topic_form` (`id`,`topic_id`,`form_id`,`sort`,`extra`) VALUES (63,13,19,3,'{\"disable\":[]}');
INSERT INTO `ost_help_topic_form` (`id`,`topic_id`,`form_id`,`sort`,`extra`) VALUES (64,21,17,2,'{\"disable\":[]}');
INSERT INTO `ost_help_topic_form` (`id`,`topic_id`,`form_id`,`sort`,`extra`) VALUES (65,6,20,4,'{\"disable\":[]}');
INSERT INTO `ost_help_topic_form` (`id`,`topic_id`,`form_id`,`sort`,`extra`) VALUES (66,28,2,4,'{\"disable\":[20,21]}');
INSERT INTO `ost_help_topic_form` (`id`,`topic_id`,`form_id`,`sort`,`extra`) VALUES (67,28,7,2,'{\"disable\":[]}');
INSERT INTO `ost_help_topic_form` (`id`,`topic_id`,`form_id`,`sort`,`extra`) VALUES (68,28,21,3,'{\"disable\":[]}');
INSERT INTO `ost_help_topic_form` (`id`,`topic_id`,`form_id`,`sort`,`extra`) VALUES (69,2,22,1,'{\"disable\":[]}');
INSERT INTO `ost_help_topic_form` (`id`,`topic_id`,`form_id`,`sort`,`extra`) VALUES (70,1,22,1,'{\"disable\":[]}');
INSERT INTO `ost_help_topic_form` (`id`,`topic_id`,`form_id`,`sort`,`extra`) VALUES (71,22,22,1,'{\"disable\":[]}');
INSERT INTO `ost_help_topic_form` (`id`,`topic_id`,`form_id`,`sort`,`extra`) VALUES (72,3,22,1,'{\"disable\":[]}');
INSERT INTO `ost_help_topic_form` (`id`,`topic_id`,`form_id`,`sort`,`extra`) VALUES (73,4,22,1,'{\"disable\":[]}');
INSERT INTO `ost_help_topic_form` (`id`,`topic_id`,`form_id`,`sort`,`extra`) VALUES (74,10,22,1,'{\"disable\":[]}');
INSERT INTO `ost_help_topic_form` (`id`,`topic_id`,`form_id`,`sort`,`extra`) VALUES (75,9,22,1,'{\"disable\":[]}');
INSERT INTO `ost_help_topic_form` (`id`,`topic_id`,`form_id`,`sort`,`extra`) VALUES (76,5,22,1,'{\"disable\":[]}');
INSERT INTO `ost_help_topic_form` (`id`,`topic_id`,`form_id`,`sort`,`extra`) VALUES (77,13,22,1,'{\"disable\":[]}');
INSERT INTO `ost_help_topic_form` (`id`,`topic_id`,`form_id`,`sort`,`extra`) VALUES (78,15,22,1,'{\"disable\":[]}');
INSERT INTO `ost_help_topic_form` (`id`,`topic_id`,`form_id`,`sort`,`extra`) VALUES (79,21,22,1,'{\"disable\":[]}');
INSERT INTO `ost_help_topic_form` (`id`,`topic_id`,`form_id`,`sort`,`extra`) VALUES (80,6,22,1,'{\"disable\":[]}');
INSERT INTO `ost_help_topic_form` (`id`,`topic_id`,`form_id`,`sort`,`extra`) VALUES (81,18,22,1,'{\"disable\":[]}');
INSERT INTO `ost_help_topic_form` (`id`,`topic_id`,`form_id`,`sort`,`extra`) VALUES (82,20,22,1,'{\"disable\":[]}');
INSERT INTO `ost_help_topic_form` (`id`,`topic_id`,`form_id`,`sort`,`extra`) VALUES (83,19,22,1,'{\"disable\":[]}');
INSERT INTO `ost_help_topic_form` (`id`,`topic_id`,`form_id`,`sort`,`extra`) VALUES (84,16,22,1,'{\"disable\":[]}');
INSERT INTO `ost_help_topic_form` (`id`,`topic_id`,`form_id`,`sort`,`extra`) VALUES (85,12,22,1,'{\"disable\":[]}');
INSERT INTO `ost_help_topic_form` (`id`,`topic_id`,`form_id`,`sort`,`extra`) VALUES (86,14,22,1,'{\"disable\":[]}');
INSERT INTO `ost_help_topic_form` (`id`,`topic_id`,`form_id`,`sort`,`extra`) VALUES (87,28,22,1,'{\"disable\":[]}');
INSERT INTO `ost_help_topic_form` (`id`,`topic_id`,`form_id`,`sort`,`extra`) VALUES (88,7,22,1,'{\"disable\":[]}');
INSERT INTO `ost_help_topic_form` (`id`,`topic_id`,`form_id`,`sort`,`extra`) VALUES (89,8,22,1,'{\"disable\":[]}');
INSERT INTO `ost_help_topic_form` (`id`,`topic_id`,`form_id`,`sort`,`extra`) VALUES (90,17,22,1,'{\"disable\":[]}');
INSERT INTO `ost_help_topic_form` (`id`,`topic_id`,`form_id`,`sort`,`extra`) VALUES (91,11,22,1,'{\"disable\":[]}');
INSERT INTO `ost_help_topic_form` (`id`,`topic_id`,`form_id`,`sort`,`extra`) VALUES (92,29,2,1,'{\"disable\":[]}');
INSERT INTO `ost_help_topic_form` (`id`,`topic_id`,`form_id`,`sort`,`extra`) VALUES (93,29,23,2,'{\"disable\":[]}');
