-- PREGUNTAS FRECUENTES

INSERT INTO `ost_faq_category` (`category_id`,`category_pid`,`ispublic`,`name`,`description`,`notes`,`created`,`updated`) VALUES (1,NULL,1,'Aspirantes','<p>Preguntas frecuentes relacionadas con aspirantes de Prepa en Línea - SEP</p>','','2021-07-21 11:40:40','2021-07-23 17:14:26');
INSERT INTO `ost_faq_category` (`category_id`,`category_pid`,`ispublic`,`name`,`description`,`notes`,`created`,`updated`) VALUES (2,NULL,1,'Estudiantes','<p>Preguntas frecuentes relacionadas con Estudiantes de Prepa en Línea - SEP</p>','','2021-07-21 11:41:37','2021-07-23 17:14:53');
INSERT INTO `ost_faq_category` (`category_id`,`category_pid`,`ispublic`,`name`,`description`,`notes`,`created`,`updated`) VALUES (3,NULL,1,'Egresados','<p>Preguntas frecuentes relacionadas con Egresados </p>','','2021-07-21 11:42:25','2021-07-21 11:42:25');
INSERT INTO `ost_faq_category` (`category_id`,`category_pid`,`ispublic`,`name`,`description`,`notes`,`created`,`updated`) VALUES (4,NULL,1,'Generales','<p>Preguntas frecuentes relacionadas con el público en general</p>','','2021-07-21 11:43:24','2021-07-21 11:43:24');
INSERT INTO `ost_faq_category` (`category_id`,`category_pid`,`ispublic`,`name`,`description`,`notes`,`created`,`updated`) VALUES (5,2,1,'Actualización de datos del estudiante','<p>Tema de Ayuda \"Actualización de datos del estudiante\"</p>','','2021-09-15 12:18:09','2021-09-21 02:28:40');
INSERT INTO `ost_faq_category` (`category_id`,`category_pid`,`ispublic`,`name`,`description`,`notes`,`created`,`updated`) VALUES (6,2,1,'Constancias de estudio','<p>Tema de Ayuda \"Constancias de estudio\"<br /></p>','','2021-09-15 12:23:44','2021-09-21 02:29:01');
INSERT INTO `ost_faq_category` (`category_id`,`category_pid`,`ispublic`,`name`,`description`,`notes`,`created`,`updated`) VALUES (7,1,1,'Convocatoria para ingreso a Prepa en Línea – SEP','<p>Tema de Ayuda \"Convocatoria para ingreso a Prepa en Línea – SEP\"</p>','','2021-09-15 12:28:05','2021-09-21 02:29:26');
INSERT INTO `ost_faq_category` (`category_id`,`category_pid`,`ispublic`,`name`,`description`,`notes`,`created`,`updated`) VALUES (8,2,1,'Documentos faltantes en su expediente digital','<p>Tema de Ayuda \"Documentos faltantes en su expediente digital\"</p>','','2021-09-21 02:28:11','2021-09-21 02:29:47');
INSERT INTO `ost_faq_category` (`category_id`,`category_pid`,`ispublic`,`name`,`description`,`notes`,`created`,`updated`) VALUES (9,2,1,'Equivalencia de Estudios','<p>Tema de Ayuda \"Equivalencia de Estudios\"</p>','','2021-09-21 02:48:35','2021-09-21 02:48:35');
INSERT INTO `ost_faq_category` (`category_id`,`category_pid`,`ispublic`,`name`,`description`,`notes`,`created`,`updated`) VALUES (10,2,1,'Información sobre trayectoria académica','<p>Tema de Ayuda \"Información sobre trayectoria académica\"</p>','','2021-09-21 02:51:14','2021-09-21 02:51:37');
INSERT INTO `ost_faq_category` (`category_id`,`category_pid`,`ispublic`,`name`,`description`,`notes`,`created`,`updated`) VALUES (11,2,1,'Invasión de Nivel','<p>Tema de Ayuda \"Invasión de Nivel\"</p>','','2021-09-21 02:56:53','2021-09-21 02:56:53');
INSERT INTO `ost_faq_category` (`category_id`,`category_pid`,`ispublic`,`name`,`description`,`notes`,`created`,`updated`) VALUES (12,2,1,'Problemas tecnológicos','<p>Tema de Ayuda \"Problemas tecnológicos\"</p>','','2021-09-21 02:59:38','2021-09-21 02:59:38');
INSERT INTO `ost_faq_category` (`category_id`,`category_pid`,`ispublic`,`name`,`description`,`notes`,`created`,`updated`) VALUES (13,2,1,'Seguro social estudiantil (IMSS)','<p>Tema de Ayuda \"Seguro social estudiantil (IMSS)\"</p>','','2021-09-21 03:03:05','2021-09-21 03:03:05');

INSERT INTO `ost_faq` (`faq_id`,`category_id`,`ispublished`,`question`,`answer`,`keywords`,`notes`,`created`,`updated`) VALUES (1,6,1,'¿Cómo solicito una constancia de estudios?','<p>Se puede solicitar una vez que cuentes con matrícula, es decir, posterior al módulo 1. Para atender una solicitud de constancia de estudios, es necesario que generes un Ticket en el menú \"Abrir un nuevo Ticket\" seleccionando el tema \"Constancias de estudio\". Considera que el periodo de emisión es de 15 días hábiles y queda sujeta a revisión de calificaciones y expediente documental.<br /></p> <p>Copyright © 2021 <a href=\"https://prepaenlinea.sep.gob.mx/\">https://prepaenlinea.sep.gob.mx/</a> - All rights reserved.</p>',' ',NULL,'2021-07-21 11:59:55','2021-09-21 01:50:50');
INSERT INTO `ost_faq` (`faq_id`,`category_id`,`ispublished`,`question`,`answer`,`keywords`,`notes`,`created`,`updated`) VALUES (3,10,1,'¿Tendré credencial de estudiante?','<p>Para Prepa en Línea – SEP es importante que nuestros estudiantes se sientan identificados con nuestra institución, a partir de que se te asigne tu matrícula, podrás contar con tu credencial de estudiante, para descargarla sigue los siguientes pasos y tomar en cuenta que debes tener completo y correcto tu expediente digital, en caso de que te falte algún documento o tengas observaciones de alguno de ellos, no podrás descargarla, asimismo la fotografía deberá cumplir con los requisitos solicitados en la convocatoria:</p> <ol><li>Ingresa a <a href=\"https://prepaenlinea.sep.gob.mx/\" target=\"_blank\">https://prepaenlinea.sep.gob.mx/</a> y da clic en “Mi comunidad de aprendizaje”</li><li>Haz clic en el botón “Identifícate” e ingresa tu usuario (ID) y contraseña.</li><li>Después, elige la opción “Credencial”.</li><li>Sube tu foto en la opción “Seleccionar archivo”, haz clic en “Guardar foto” y para finalizar selecciona “Generar credencial”.</li><li>Imprime, recorta y enmica.</li></ol> <p>Se podrá descargar una vez que tengas matrícula.</p> <p>Si presentas algún inconveniente, escribe a: <a href=\"mailto:soporte.credenciales@prepaenlinea.sep.gob.mx\" target=\"_blank\">soporte.credenciales@prepaenlinea.sep.gob.mx</a></p>',' ',NULL,'2021-07-23 16:24:54','2021-09-21 02:55:22');
INSERT INTO `ost_faq` (`faq_id`,`category_id`,`ispublished`,`question`,`answer`,`keywords`,`notes`,`created`,`updated`) VALUES (4,13,1,'¿Cómo puedo obtener mi afiliación al IMSS?','<p>Dentro de los beneficios de formar parte de nuestra comunidad estudiantil, es que puedes solicitar a partir del módulo 1, tu afiliación al Instituto Mexicano de Seguro Social (IMSS). Deberás enviar un correo electrónico a <a href=\"mailto:altaimss@sems.gob.mx\" target=\"_blank\">altaimss@sems.gob.mx</a>, indicando tu nombre completo y número de usuario.</p> <p>Para más información, consulta el siguiente video: </p> <figure><iframe width=\"500\" height=\"281\" src=\"//www.youtube.com/embed/Sk5q5hHA_08\" frameborder=\"0\" allowfullscreen=\"allowfullscreen\"></iframe></figure> <p><strong><br /></strong></p>',' ',NULL,'2021-07-23 16:35:13','2021-09-21 03:05:11');
INSERT INTO `ost_faq` (`faq_id`,`category_id`,`ispublished`,`question`,`answer`,`keywords`,`notes`,`created`,`updated`) VALUES (5,8,1,'No cuento con certificado de secundaria',' <ul><li>Si no cuentas con el certificado de secundaria original por extravío, reposición o por temas administrativos, deberás descargar la carta compromiso (<a href=\"https://prepaenlinea.sep.gob.mx/wp-content/uploads/2021/01/Carta-compromiso-Prepa-en-Linea-SEP.pdf\">https://prepaenlinea.sep.gob.mx/wp-content/uploads/2021/01/Carta-compromiso-Prepa-en-Linea-SEP.pdf</a>), leerla, llenarla y subirla a tu expediente digital.</li> <li>En caso de no contar con tu certificado, será necesario tramitar un duplicado, para ello deberás acudir a la institución donde se emitió o bien en la Secretaria de Educación de tu entidad.</li> <li>En las situaciones anteriores, el documento deberá ir adjunto en tu registro electrónico en el apartado correspondiente al certificado de secundaria.</li> <li>En el caso de mexicanos residentes en el extranjero que hayan concluido sus estudios de secundaria en México y no cuenten con su certificado, podrán solicitar a la Dirección General de Acreditación, Incorporación y Revalidación el rastreo de antecedentes escolares respectivo y, en su caso, gestionar el duplicado correspondiente.</li> <li>Si los estudios se realizaron en el extranjero, deberás realizar el trámite de revalidación de estudios.</li> <li>Es importante enviar al correo electrónico de tu Responsable de Control Escolar asignado, el certificado de secundaria anverso y reverso escaneados en <strong>PDF</strong> con un peso menor a <strong>1</strong> <strong>MB</strong>, dentro del plazo que no deberá exceder <strong><em>de 6 meses</em></strong> contados a partir de que hayas quedado formalmente inscrito(a) como estudiante.</li></ul> ',' ',NULL,'2021-07-23 17:08:31','2021-09-21 02:46:24');
INSERT INTO `ost_faq` (`faq_id`,`category_id`,`ispublished`,`question`,`answer`,`keywords`,`notes`,`created`,`updated`) VALUES (6,10,1,'¿Cómo reviso mis calificaciones?',' <p>Al ser un servicio completamente en línea, tienes varias opciones para que puedas consultar en todo momento, las calificaciones obtenidas tanto de las actividades desarrolladas en cada módulo, así como la calificación final del mismo.</p> <p>Dentro de la plataforma, en cada asignación de tus módulos está la opción de “Evidencias” en el cual podrás tener acceso al “Portafolio de evidencias”, en el cual verás una tabla con las calificaciones que has obtenido en las diferentes actividades y foros, así como la retroalimentación de tu asesor virtual; asimismo, al final del módulo podrás ver la calificación final del mismo. </p> <p>Dentro de la sección de servicios, ingresando a la opción de SIGAPREP (Sistema Integral de Gestión Académica de Prepa en Línea), podrás también consultar y descargar tu historial académico, el cual contiene las calificaciones de los módulos cursados hasta ese momento, tanto en ordinario como en extraordinario (recuperación, remedial o recursamiento). </p> ',' ',NULL,'2021-07-23 17:53:53','2021-09-21 02:53:52');
INSERT INTO `ost_faq` (`faq_id`,`category_id`,`ispublished`,`question`,`answer`,`keywords`,`notes`,`created`,`updated`) VALUES (7,7,1,'¿Dónde podré revisar si aprobé el módulo propedéutico?','<p>Los resultados del Módulo estarán disponibles en la página oficial de Prepa en Línea-SEP,<br /></p> <ol><li>Ingresa a <a href=\"https://prepaenlinea.sep.gob.mx/\">https://prepaenlinea.sep.gob.mx/</a></li><li>Haz clic en el banner “Resultados de módulo propedéutico”</li><li>Escribe tu número de usuario y haz clic en “Consulta”.</li></ol> ',' ',NULL,'2021-07-23 17:57:19','2021-09-21 03:20:45');
INSERT INTO `ost_faq` (`faq_id`,`category_id`,`ispublished`,`question`,`answer`,`keywords`,`notes`,`created`,`updated`) VALUES (8,5,1,'¿Cómo corrijo mis datos personales?',' <p>Una vez que seas asignado al Módulo 1, un responsable de la Dirección de Control Escolar revisará tu expediente digital y corregirá los errores detectados, de ser necesario, se pondrá en contacto contigo por correo electrónico. </p> <p>En caso de que persista el error, debes mandarle un correo a tu Responsable de Control Escolar, solicitando la corrección de tus datos, indicando qué datos son los que se deben cambiar.</p> <p>Si realizaste alguna modificación de datos en tu acta de nacimiento o CURP, será necesario, además de escribirle a tu Responsable, anexar el documento actualizado, es importante señalar que en estos casos, deberás solicitar la corrección de tus datos en aquellos documentos donde se vean afectados, y la emisión del mismo actualizado.</p><br />',' ',NULL,'2021-07-23 18:18:41','2021-09-21 01:46:47');
INSERT INTO `ost_faq` (`faq_id`,`category_id`,`ispublished`,`question`,`answer`,`keywords`,`notes`,`created`,`updated`) VALUES (9,10,1,'¿Otorgan alguna beca?','<p>El Servicio Nacional de Bachillerato en Línea, “Prepa en Línea-SEP”, no cuenta con programa de becas propio. Sin embargo existen programas sociales del Gobierno de la Ciudad de México, que ofrecen becas a los estudiantes que cursan el bachillerato.</p>',' ',NULL,'2021-07-23 18:22:57','2021-09-21 03:10:35');
INSERT INTO `ost_faq` (`faq_id`,`category_id`,`ispublished`,`question`,`answer`,`keywords`,`notes`,`created`,`updated`) VALUES (10,12,1,'¿Qué hago si no puedo ingresar a mi plataforma?','<p>Mira el video siguiente video:</p> <figure><iframe width=\"500\" height=\"281\" src=\"//www.youtube.com/embed/SnciFhGbAYI\" frameborder=\"0\" allowfullscreen=\"allowfullscreen\"></iframe></figure> <p>Verifica que ingreses haciendo clic en el botón correcto: si eres de primer ingreso, haz clic en el botón morado: “Ingreso a Propedéutico”. Si estás cursando del módulo 1 en adelante, haz clic en el botón rosa: “Ingreso a mi Comunidad”</p> <p>Ingresa desde una ventana de incógnito o borra el historial de navegación. Para hacerlo, puedes apoyarte en este video:</p> <figure><iframe width=\"500\" height=\"281\" src=\"//www.youtube.com/embed/wOo76g429Mc\" frameborder=\"0\" allowfullscreen=\"allowfullscreen\"></iframe></figure> <p>Vuelve a intentar ingresar, copiando y pegando tus datos sin dejar espacios antes o después (no los transcribas).</p> <p>Ingresa con otro navegador.</p>',' ',NULL,'2021-07-23 18:31:51','2021-09-21 03:01:21');
INSERT INTO `ost_faq` (`faq_id`,`category_id`,`ispublished`,`question`,`answer`,`keywords`,`notes`,`created`,`updated`) VALUES (11,12,1,'¿Cómo borro mis cookies e historial de navegación?','<p>Algunas ocasiones es necesario borrar tu historial de navegación, para hacerlo puedes apoyarte viendo el siguiente video:</p> <figure><iframe width=\"500\" height=\"281\" src=\"//www.youtube.com/embed/wOo76g429Mc\" frameborder=\"0\" allowfullscreen=\"allowfullscreen\"></iframe></figure>',' ',NULL,'2021-07-23 18:35:49','2021-09-21 03:00:32');
INSERT INTO `ost_faq` (`faq_id`,`category_id`,`ispublished`,`question`,`answer`,`keywords`,`notes`,`created`,`updated`) VALUES (12,7,1,'Cómo registrarse','<p>El Servicio Nacional de Bachillerato en Línea “Prepa en Línea – SEP” publica varias convocatorias durante el año.</p> <p>Para registrarte sigue los siguientes pasos: </p> <ol><li>Ingresa a la página oficial de Prepa en Línea SEP - <a href=\"https://prepaenlinea.sep.gob.mx/registro/registro-de-aspirante-convocatoria-2021-3/\">https://prepaenlinea.sep.gob.mx</a></li><li>Descarga y <strong><u>lee completamente</u></strong> la convocatoria antes de registrarte. </li><li>Por favor lee detenidamente la <strong>GUIA DE REGISTRO.</strong></li><li>Posteriormente ingresa al apartado de <strong>REGISTRO.</strong></li></ol>',' ',NULL,'2021-09-15 12:30:54','2021-09-21 01:55:38');
INSERT INTO `ost_faq` (`faq_id`,`category_id`,`ispublished`,`question`,`answer`,`keywords`,`notes`,`created`,`updated`) VALUES (13,7,1,'Requisitos de registro/Edad','<p>Este servicio está dirigido a personas que hayan concluido sus estudios de secundaria y cuenten con el certificado correspondiente, por lo que no hay un requisito de edad, es indispensable contar con los siguientes documentos y datos básicos para su registro: </p> <p><strong>DATOS: </strong></p> <ul><li>Nombre(s) y apellidos</li><li>Correos electrónicos personales (principal y alterno)</li><li>Clave Única de Registro de Población (CURP)</li></ul> <p><strong>DOCUMENTOS</strong>:</p> <p>Escaneados, en formato PDF con peso menor a 1MB: </p> <ul><li>Clave Única de Registro de Población (CURP) </li><li>Acta de nacimiento</li></ul>',' ',NULL,'2021-09-15 13:26:29','2021-09-21 03:13:25');
INSERT INTO `ost_faq` (`faq_id`,`category_id`,`ispublished`,`question`,`answer`,`keywords`,`notes`,`created`,`updated`) VALUES (14,7,1,'Verificar registro completo/No llega correo para segunda fase','<p>El envío de correo para la segunda fase del proceso de registro es automático, es necesario verificar que hayas escrito correctamente tu correo electrónico, revises las <strong>bandejas de correo no deseado y SPAM</strong>.</p> <p>Si no encuentras el correo en ninguna bandeja, ingresa al siguiente enlace para verificar tu registro:</p> <p>(COPIA Y PEGA EL ENLACE EN SU NAVEGADOR SI NO ABRE AL DAR CLIC): <a href=\"http://registro.prepaenlinea.sep.gob.mx/index.php/estatus\">http://registro.prepaenlinea.sep.gob.mx/index.php/estatus</a></p> <p>Ahí se te indicará si tu proceso está completo o requieres completar alguna fase, por favor lee detenidamente la información que te arroje la página. </p>',' ',NULL,'2021-09-15 13:28:46','2021-09-21 02:07:52');
INSERT INTO `ost_faq` (`faq_id`,`category_id`,`ispublished`,`question`,`answer`,`keywords`,`notes`,`created`,`updated`) VALUES (15,7,1,'Recomendaciones','<p><strong>Te damos las siguientes recomendaciones para realizar tu registro de manera satisfactoria:</strong></p> <ul><li>Utiliza computadora, no celular.</li></ul> <ul><li>Utiliza el navegador <strong>Mozilla Firefox </strong></li></ul> <ul><li>Copia y pega el enlace en tu navegador o teclea directamente en el buscador: <strong>Prepa en línea SEP</strong>, para ingresar a nuestra página oficial.</li></ul> <ul><li>Preferentemente usa los dominios de correo electrónico de Hotmail, Outlook, Yahoo.com.mx (no se aceptan correos institucionales, <strong>los correos llegan retrasados a las cuentas de Gmail hasta 24 horas</strong>). </li></ul> <ul><li>Los correos electrónicos son personales, no los puede compartir con algún familiar para este mismo proceso</li></ul> <ul><li>Verifica todas las carpetas de tu correo principal. </li></ul> <ul><li>Verifica que tus datos sean correctos (NOMBRE, CORREO, CURP) <a href=\"https://www.gob.mx/curp/\">https://www.gob.mx/curp/</a> </li></ul> <ul><li>Todos los datos deberán estar en mayúsculas. </li></ul> <ul><li>Si solo tienes un apellido, coloca una “X” en el campo correspondiente </li></ul> <ul><li>Verifica que no haya espacios adicionales en tus datos (NOMBRE, CORREO, CURP) </li></ul> <ul><li>Tener una conexión a internet mayor a 1Mb. </li></ul> <ul><li>Tener los documentos originales <strong>ESCANEADOS, legibles, en formato PDF y con peso menor a 1 Mb en archivos separados. </strong>(las fotografías de los documentos no serán aceptadas) </li></ul> <ul><li>En caso de que el peso de tus documentos sea mayor al requerido deberás comprimirlos, te recomendamos utilizar la página <a href=\"https://www.ilovepdf.com/compress_pdf\">https://www.ilovepdf.com/compress_pdf</a></li></ul> <ul><li>En el campo “año de certificado de secundaria” deberás escribir con número, el año en que se expidió; ejemplo: 2008 </li></ul> <ul><li>En el campo de “folio de certificado” indica los primeros 8 dígitos.  </li></ul> <ul><li>Si el folio del certificado tiene muchos datos, capture hasta donde le permita la plataforma</li></ul> <ul><li>El campo “padre o tutor” solo es necesario para los menores de edad y deberán escribir el nombre sin acentos. </li></ul>',' ',NULL,'2021-09-15 13:37:07','2021-09-21 02:00:12');
INSERT INTO `ost_faq` (`faq_id`,`category_id`,`ispublished`,`question`,`answer`,`keywords`,`notes`,`created`,`updated`) VALUES (16,7,1,'Problemas con carga de documentos','<p>Los documentos requeridos deben ser escaneados del original (no fotografías de documentos, no copias) en formato PDF con peso menor a 1MB en archivos separados:</p> <ul><li>Acta de nacimiento (sin importar su antigüedad)</li><li>Clave Única de Registro de Población (CURP) puedes descargar tu documento de CURP en la siguiente página: <a href=\"https://consultas.curp.gob.mx\">https://consultas.curp.gob.mx</a></li><li>En caso de que el peso de tus documentos sea mayor al requerido deberás comprimirlos, te recomendamos utilizar la página para comprimir tus archivos PDF:  <a href=\"https://www.ilovepdf.com/es/comprimir_pdf\">https://www.ilovepdf.com/es/comprimir_pdf</a></li></ul> ',' ',NULL,'2021-09-15 13:40:28','2021-09-21 02:02:06');
INSERT INTO `ost_faq` (`faq_id`,`category_id`,`ispublished`,`question`,`answer`,`keywords`,`notes`,`created`,`updated`) VALUES (17,7,1,'Correo electrónico mal escrito','<p>Deberás asegurarte de escribir correctamente tu cuenta de correo electrónico ya que, durante el proceso de registro, no es posible hacer cambios de datos y tendrás que esperar a una nueva convocatoria para registrarte nuevamente, si no has completado todas las fases de registro puedes volver a registrarte desde el principio con los datos correctos, siguiendo estos pasos: <br /></p> <ul><li>Ingrese a la página oficial de Prepa en Línea SEP - <a href=\"https://prepaenlinea.sep.gob.mx/registro/registro-de-aspirante-convocatoria-2021-3/\">https://prepaenlinea.sep.gob.mx/registro/registro-de-aspirante-convocatoria-2021-3/</a></li><li>Descargue y <strong><u>lea completamente</u></strong> la convocatoria antes de registrarse. </li><li>Por favor lea detenidamente la <strong>GUIA DE REGISTRO.</strong></li><li>Posteriormente ingrese al apartado de <strong>REGISTRO. </strong></li></ul>',' ',NULL,'2021-09-15 13:43:48','2021-09-21 02:04:21');
INSERT INTO `ost_faq` (`faq_id`,`category_id`,`ispublished`,`question`,`answer`,`keywords`,`notes`,`created`,`updated`) VALUES (18,7,1,'Generales de Prepa en Línea - SEP','<p>El Servicio Nacional de Bachillerato en Línea “Prepa en Línea SEP” brinda:</p> <ul><li>Estudios de nivel medio superior. </li><li>Bachillerato general. </li><li>Servicio para toda la República Mexicana y mexicanos que viven en el extranjero.</li><li>Modalidad no escolarizada. </li><li>Servicio totalmente gratuito.</li><li>Dirigido a jóvenes y adultos que hayan concluido sus estudios de nivel secundaria.</li><li>No existe límite de edad para formar parte de nuestra comunidad de aprendizaje.</li><li>Sin horarios establecidos.</li><li>Completamente en línea (virtual).</li><li>Plataforma de aprendizaje disponible 24 horas, los 365 días del año.</li><li>Acceso desde dispositivos móviles y computadoras con internet.</li><li>Plan de estudios modular con duración de 2 años 4 meses. </li><li>Consta de 23 módulos cada uno con una duración de 4 semanas.</li><li>Curso propedéutico con duración de 4 semanas, obligatorio y virtual. </li><li>Evaluación por competencias mediante actividades y proyectos realizados en la plataforma educativa.</li> <li>Acompañamiento y apoyo virtual de Tutores(as) y Asesores(as) virtuales.</li><li>No se aplican exámenes.</li><li>No hay sesiones presenciales. </li><li>Certificado Electrónico con Validez Oficial para continuar con estudios de nivel superior.</li></ul> <p>Lo invitamos a visitar nuestra página oficial <a href=\"http://www.prepaenlinea.sep.gob.mx\">www.prepaenlinea.sep.gob.mx</a></p>',' ',NULL,'2021-09-15 13:45:52','2021-09-15 13:45:52');
INSERT INTO `ost_faq` (`faq_id`,`category_id`,`ispublished`,`question`,`answer`,`keywords`,`notes`,`created`,`updated`) VALUES (19,7,1,'Registro completo/Envío de claves de acceso','<p>Si recibiste la confirmación de registro completo y cumpliste con las 3 etapas del registro: <strong><em>pre-registro, registro con carga de documentos y cuestionario de contexto,</em></strong> recibirás sus claves de acceso por correo electrónico, para ingresar al módulo propedéutico, revisa tus bandejas de entrada, correo no deseado y SPAM.</p>',' ',NULL,'2021-09-15 13:57:51','2021-09-21 02:07:08');
INSERT INTO `ost_faq` (`faq_id`,`category_id`,`ispublished`,`question`,`answer`,`keywords`,`notes`,`created`,`updated`) VALUES (20,7,1,'No deseo continuar con el registro','<p>Si al estarte registrando en una de nuestras convocatorias, decides no continuar con el mismo, no es necesario solicitar una baja del registro, ya que al no haber concluido tu proceso de inscripción (acreditar propedéutico) no es posible darle de baja.</p> <p>En este caso, basta con dejar de ingresar a plataforma para no ser considerado como aspirante o estudiante.</p>',' ',NULL,'2021-09-15 14:00:57','2021-09-21 02:12:14');
INSERT INTO `ost_faq` (`faq_id`,`category_id`,`ispublished`,`question`,`answer`,`keywords`,`notes`,`created`,`updated`) VALUES (21,7,1,'Extranjeros','<p>Si eres un aspirante con nacionalidad extranjera, el Servicio Nacional de Bachillerato en Línea “Prepa en Línea – SEP” te ofrece una opción educativa del nivel medio superior, de calidad, 100% en línea y completamente gratuita la cual tiene una duración de 2 años 6 meses, donde los estudiantes cursan 23 módulos en horarios flexibles. </p> <p>Si bien, el servicio está dirigido a ciudadanos mexicanos, consideramos a estudiantes extranjeros que cumplan con las hipótesis previstas en el apartado B del artículo 30 de nuestra Constitución Política de los Estados Unidos Mexicanos y que cuenten con secundaria concluida, sin importar su edad y lugar de residencia.</p> <p>B) Son mexicanos por naturalización:</p> <p>I. Los extranjeros que obtengan de la Secretaría de Relaciones carta de naturalización;</p> <p>II. La mujer o el varón extranjero que contraigan matrimonio con varón o con mujer mexicanos, que tengan o establezcan su domicilio dentro del territorio nacional (…)</p> <p>Si cuentas con residencia permanente e incluso has estudiado el nivel básico dentro del Sistema Educativo Nacional, puedes realizar su registro en nuestro portal de internet <a href=\"http://www.prepaenlinea.sep.gob.mx\">www.prepaenlinea.sep.gob.mx</a>; recuerda que deberá contar con los siguientes documentos para continuar con el proceso respectivo:</p> <p>- Clave única de registro de población (CURP)</p> <p>- Acta de nacimiento con traducción simple si se encuentra en idioma distinto al español.</p> <p>- Documento que acredite tu estatus migratorio.</p> <p>- Comprobante de domicilio</p> <p>- Certificado de educación secundaria o resolución de revalidación de estudios.</p> <p>- Fotografía personal de frente a color y fondo blanco en formato JPG.</p> <p>En caso de haber realizado estudios en tu país de origen; es necesario realizar un trámite denominado <strong>revalidación de estudios </strong>(acto administrativo a través del cual la autoridad educativa otorga validez oficial a aquellos estudios realizados fuera del Sistema Educativo Nacional, siempre y cuando sean equiparables con estudios realizados dentro de dicho sistema).</p> <p>Para ello, debe acudir a la Secretaria de Educación de la entidad donde radiques y presentar la siguiente documentación en original y copia:</p> <ol><li>Registro de la solicitud de revalidación suscrito y firmado por el interesado.</li><li>Con excepción de los estudios académicos de secundaria, la documentación que corresponda al nivel de bachillerato y que se presente en un idioma diferente al español requiere de la traducción. La traducción al español podrá ser realizada por el interesado o quienes ejerzan la patria potestad o la tutela sobre él.</li> <li>Acta de nacimiento, documento equivalente y/o en su caso carta de naturalización.</li> <li>El acta de nacimiento expedida en el extranjero requiere de traducción al español, la que podrá ser realizada por el interesado o quienes ejerzan la patria potestad o la tutela sobre él. </li> <li>Antecedentes, revalidación, o certificado completo de secundaria.</li> <li>Estudios de Bachillerato parciales; deberá presentar las boletas o constancias con materias cursadas, ciclos escolares y calificaciones.</li> <li>Estudios de bachillerato completos para continuar con los de licenciatura, además de lo señalado anteriormente, deberá presentar el certificado, título o diploma.</li> </ol> <p>La autoridad educativa correspondiente emitirá un documento donde avale, con los estudios realizados previamente en el extranjero, son considerados válidos en nuestro sistema educativo y acredita la conclusión de educación secundaria.</p> <p>En caso de que no cuentes con el certificado de secundaria o revalidación de estudios; debes realizar el trámite correspondiente y descargar la carta compromiso de entrega de documento para continuar con su proceso.</p> <p>Solo en los casos donde el aspirante sea de nacionalidad extranjera y radique fuera del territorio nacional sin contar con una residencia legal en nuestro país; no podrá realizar su registro por no cumplir con el precepto legal citado con antelación.</p>',' ',NULL,'2021-09-21 02:17:16','2021-09-21 02:17:16');
INSERT INTO `ost_faq` (`faq_id`,`category_id`,`ispublished`,`question`,`answer`,`keywords`,`notes`,`created`,`updated`) VALUES (22,9,1,'Equivalencia de Estudios','<p>Los interesados que cuenten con estudios previos de bachillerato y quieran concluir en Prepa en Línea-SEP tendrán que tramitar una <strong><u>Equivalencia de Estudios </u></strong>la cual se debe realizar del plan que se cursó sus estudios previos, al plan modular de Prepa abierta (22 módulos). Dicho trámite se puede hacer directamente en la Dirección General del Bachillerato en la Ciudad de México o en las oficinas estatales en el interior del país. Para mayor información pueden consultar:</p> <p><a href=\"https://www.dgb.sep.gob.mx/\">https://www.dgb.sep.gob.mx/</a></p> <p>Sin importar el trámite que se realice, los estudiantes deben cursar <strong>forzosamente el curso propedéutico y los módulos 1 y 2 del plan de estudios de Prepa en Línea-SEP</strong>, de acuerdo a lo establecido en la Norma 5.1 inciso b) de las Normas de Control Escolar aplicables al Servicio Nacional de Bachillerato en Línea “Prepa en Línea-SEP”.</p> <p>El plan de estudios de Prepa en Línea, tiene una duración de <strong><u>2 años 6 meses</u></strong>, sin embargo existe la posibilidad que un estudiante pudiese terminar en menor tiempo, siempre y cuando cuente con un trámite de equivalencias o revalidación de estudios que acredite haber cursado en algún otro servicio educativo, con lo cual solo cursaría en Prepa en Línea -SEP los módulos que conforme al dictamen de equivalencia o revalidación que le sean reconocidos y en apego a la normatividad establecida para este fin.</p> <p>Actualmente el modelo de aprendizaje de Prepa en Línea - SEP, contempla la opción de cursar 23 módulos cada uno en un tiempo de 4 semanas. </p> <ul><li>Es necesario que realices tu registro en Prepa en Línea con certificado de secundaria, independientemente del trámite de equivalencia en las fechas establecidas de convocatoria a través de la página oficial <a href=\"http://prepaenlinea.sep.gob.mx/\">http://prepaenlinea.sep.gob.mx/</a> </li> <li>El trámite de equivalencia es ajeno a Prepa en Línea, cualquier duda que tengas deberás consultarla directamente con Dirección General del Bachillerato. </li> <li>Si radicas fuera de la Ciudad de México te recomendamos localizar las oficinas de la Secretaría de Educación Pública de tu entidad. </li><li>Al contar con su resolución de equivalencia de estudios, deberás enviarla escaneada al correo de tu Responsable de Control Escolar.</li><li>La duración de tus estudios en Prepa en Línea SEP dependerá de la resolución de equivalencia.</li><li>La equivalencia es opcional, de desearlo, puedes cursar completamente el plan de estudios. </li><li>Para mayores informes, puedes consultar el siguiente enlace: </li></ul> <p><a href=\"https://www.gob.mx/tramites/ficha/solicitud-de-equivalencia-de-estudios-para-el-nivel-medio-superior/SEP3035\">https://www.gob.mx/tramites/ficha/solicitud-de-equivalencia-de-estudios-para-el-nivel-medio-superior/SEP3035</a></p>',' ',NULL,'2021-09-21 02:49:57','2021-09-21 02:49:57');
INSERT INTO `ost_faq` (`faq_id`,`category_id`,`ispublished`,`question`,`answer`,`keywords`,`notes`,`created`,`updated`) VALUES (23,10,1,'Duración plan de estudios','<p>El plan de estudios del Servicio Nacional de Bachillerato en Línea “Prepa en Línea-SEP”, consta de 23 módulos, cada módulo tiene una duración de 4 semanas y entre cada módulo hay una semana de revisión, contando los recesos académicos, sin reprobar módulo alguno, dura alrededor de 2 años 6 meses, </p>',' ',NULL,'2021-09-21 02:52:30','2021-09-21 02:52:30');
INSERT INTO `ost_faq` (`faq_id`,`category_id`,`ispublished`,`question`,`answer`,`keywords`,`notes`,`created`,`updated`) VALUES (24,11,1,'No he concluido la secundaria/Invasión de nivel','<p>En caso de que no hayas concluido tus estudios de nivel secundaria al momento de comenzar módulo 1 de nuestro sistema, estarías incurriendo en una <strong>invasión de nivel educativo,</strong> tu registro y los estudios cursados en Prepa en Línea te serán invalidados. Dicha invasión de nivel se presenta al entregar un certificado emitido con fecha posterior al inicio del módulo 1 con nosotros, por lo que le sugerimos concluir primero su educación secundaria y posteriormente inscribirse con nosotros o cualquier otra escuela de bachillerato. </p>',' ',NULL,'2021-09-21 02:58:36','2021-09-21 02:58:36');

INSERT INTO `ost_faq_topic` (`faq_id`,`topic_id`) VALUES (1,5);
INSERT INTO `ost_faq_topic` (`faq_id`,`topic_id`) VALUES (3,11);
INSERT INTO `ost_faq_topic` (`faq_id`,`topic_id`) VALUES (4,8);
INSERT INTO `ost_faq_topic` (`faq_id`,`topic_id`) VALUES (5,13);
INSERT INTO `ost_faq_topic` (`faq_id`,`topic_id`) VALUES (6,11);
INSERT INTO `ost_faq_topic` (`faq_id`,`topic_id`) VALUES (7,1);
INSERT INTO `ost_faq_topic` (`faq_id`,`topic_id`) VALUES (9,11);
INSERT INTO `ost_faq_topic` (`faq_id`,`topic_id`) VALUES (12,1);
INSERT INTO `ost_faq_topic` (`faq_id`,`topic_id`) VALUES (13,1);
INSERT INTO `ost_faq_topic` (`faq_id`,`topic_id`) VALUES (14,1);
INSERT INTO `ost_faq_topic` (`faq_id`,`topic_id`) VALUES (15,1);
INSERT INTO `ost_faq_topic` (`faq_id`,`topic_id`) VALUES (16,1);
INSERT INTO `ost_faq_topic` (`faq_id`,`topic_id`) VALUES (17,1);
INSERT INTO `ost_faq_topic` (`faq_id`,`topic_id`) VALUES (18,1);
INSERT INTO `ost_faq_topic` (`faq_id`,`topic_id`) VALUES (19,1);
INSERT INTO `ost_faq_topic` (`faq_id`,`topic_id`) VALUES (20,1);
INSERT INTO `ost_faq_topic` (`faq_id`,`topic_id`) VALUES (21,1);
INSERT INTO `ost_faq_topic` (`faq_id`,`topic_id`) VALUES (22,15);
INSERT INTO `ost_faq_topic` (`faq_id`,`topic_id`) VALUES (23,11);
INSERT INTO `ost_faq_topic` (`faq_id`,`topic_id`) VALUES (24,18);
